"ano_pesquisa","cargo","senioridade","genero","faixa_salarial","total_respondentes","pct_dentro_do_nivel"
"2023","Analista de BI/BI Analyst","Júnior","Feminino","de R$ 1.001/mês a R$ 2.000/mês","16","9.09"
"2023","Analista de BI/BI Analyst","Júnior","Feminino","de R$ 3.001/mês a R$ 4.000/mês","11","6.25"
"2023","Analista de BI/BI Analyst","Júnior","Feminino","de R$ 4.001/mês a R$ 6.000/mês","11","6.25"
"2023","Analista de BI/BI Analyst","Júnior","Feminino","de R$ 2.001/mês a R$ 3.000/mês","10","5.68"
"2023","Analista de BI/BI Analyst","Júnior","Feminino","de R$ 6.001/mês a R$ 8.000/mês","5","2.84"
"2023","Analista de BI/BI Analyst","Júnior","Feminino","Menos de R$ 1.000/mês","1","0.57"
"2023","Analista de BI/BI Analyst","Júnior","Masculino","de R$ 4.001/mês a R$ 6.000/mês","31","17.61"
"2023","Analista de BI/BI Analyst","Júnior","Masculino","de R$ 1.001/mês a R$ 2.000/mês","29","16.48"
"2023","Analista de BI/BI Analyst","Júnior","Masculino","de R$ 2.001/mês a R$ 3.000/mês","29","16.48"
"2023","Analista de BI/BI Analyst","Júnior","Masculino","de R$ 3.001/mês a R$ 4.000/mês","26","14.77"
"2023","Analista de BI/BI Analyst","Júnior","Masculino","de R$ 6.001/mês a R$ 8.000/mês","4","2.27"
"2023","Analista de BI/BI Analyst","Júnior","Masculino","Menos de R$ 1.000/mês","3","1.7"
"2023","Analista de BI/BI Analyst","Pleno","Feminino","de R$ 4.001/mês a R$ 6.000/mês","14","7.04"
"2023","Analista de BI/BI Analyst","Pleno","Feminino","de R$ 6.001/mês a R$ 8.000/mês","7","3.52"
"2023","Analista de BI/BI Analyst","Pleno","Feminino","de R$ 3.001/mês a R$ 4.000/mês","5","2.51"
"2023","Analista de BI/BI Analyst","Pleno","Feminino","de R$ 8.001/mês a R$ 12.000/mês","4","2.01"
"2023","Analista de BI/BI Analyst","Pleno","Feminino","de R$ 2.001/mês a R$ 3.000/mês","1","0.5"
"2023","Analista de BI/BI Analyst","Pleno","Feminino","de R$ 16.001/mês a R$ 20.000/mês","1","0.5"
"2023","Analista de BI/BI Analyst","Pleno","Masculino","de R$ 4.001/mês a R$ 6.000/mês","71","35.68"
"2023","Analista de BI/BI Analyst","Pleno","Masculino","de R$ 6.001/mês a R$ 8.000/mês","42","21.11"
"2023","Analista de BI/BI Analyst","Pleno","Masculino","de R$ 8.001/mês a R$ 12.000/mês","24","12.06"
"2023","Analista de BI/BI Analyst","Pleno","Masculino","de R$ 3.001/mês a R$ 4.000/mês","16","8.04"
"2023","Analista de BI/BI Analyst","Pleno","Masculino","de R$ 2.001/mês a R$ 3.000/mês","7","3.52"
"2023","Analista de BI/BI Analyst","Pleno","Masculino","de R$ 12.001/mês a R$ 16.000/mês","2","1.01"
"2023","Analista de BI/BI Analyst","Pleno","Masculino","de R$ 1.001/mês a R$ 2.000/mês","2","1.01"
"2023","Analista de BI/BI Analyst","Pleno","Masculino","de R$ 16.001/mês a R$ 20.000/mês","1","0.5"
"2023","Analista de BI/BI Analyst","Pleno","Masculino","de R$ 20.001/mês a R$ 25.000/mês","1","0.5"
"2023","Analista de BI/BI Analyst","Pleno","Masculino","Acima de R$ 40.001/mês","1","0.5"
"2023","Analista de BI/BI Analyst","Sênior","Feminino","de R$ 8.001/mês a R$ 12.000/mês","10","7.69"
"2023","Analista de BI/BI Analyst","Sênior","Feminino","de R$ 12.001/mês a R$ 16.000/mês","4","3.08"
"2023","Analista de BI/BI Analyst","Sênior","Feminino","de R$ 6.001/mês a R$ 8.000/mês","4","3.08"
"2023","Analista de BI/BI Analyst","Sênior","Feminino","de R$ 4.001/mês a R$ 6.000/mês","2","1.54"
"2023","Analista de BI/BI Analyst","Sênior","Feminino","de R$ 2.001/mês a R$ 3.000/mês","1","0.77"
"2023","Analista de BI/BI Analyst","Sênior","Feminino","de R$ 25.001/mês a R$ 30.000/mês","1","0.77"
"2023","Analista de BI/BI Analyst","Sênior","Masculino","de R$ 8.001/mês a R$ 12.000/mês","45","34.62"
"2023","Analista de BI/BI Analyst","Sênior","Masculino","de R$ 6.001/mês a R$ 8.000/mês","29","22.31"
"2023","Analista de BI/BI Analyst","Sênior","Masculino","de R$ 12.001/mês a R$ 16.000/mês","14","10.77"
"2023","Analista de BI/BI Analyst","Sênior","Masculino","de R$ 4.001/mês a R$ 6.000/mês","10","7.69"
"2023","Analista de BI/BI Analyst","Sênior","Masculino","de R$ 20.001/mês a R$ 25.000/mês","3","2.31"
"2023","Analista de BI/BI Analyst","Sênior","Masculino","de R$ 3.001/mês a R$ 4.000/mês","3","2.31"
"2023","Analista de BI/BI Analyst","Sênior","Masculino","de R$ 25.001/mês a R$ 30.000/mês","2","1.54"
"2023","Analista de BI/BI Analyst","Sênior","Masculino","de R$ 30.001/mês a R$ 40.000/mês","1","0.77"
"2023","Analista de BI/BI Analyst","Sênior","Masculino","de R$ 16.001/mês a R$ 20.000/mês","1","0.77"
"2023","Analista de Dados/Data Analyst","Júnior","Feminino","de R$ 4.001/mês a R$ 6.000/mês","26","9.42"
"2023","Analista de Dados/Data Analyst","Júnior","Feminino","de R$ 1.001/mês a R$ 2.000/mês","24","8.7"
"2023","Analista de Dados/Data Analyst","Júnior","Feminino","de R$ 3.001/mês a R$ 4.000/mês","14","5.07"
"2023","Analista de Dados/Data Analyst","Júnior","Feminino","de R$ 2.001/mês a R$ 3.000/mês","12","4.35"
"2023","Analista de Dados/Data Analyst","Júnior","Feminino","de R$ 6.001/mês a R$ 8.000/mês","5","1.81"
"2023","Analista de Dados/Data Analyst","Júnior","Feminino","de R$ 8.001/mês a R$ 12.000/mês","2","0.72"
"2023","Analista de Dados/Data Analyst","Júnior","Feminino","de R$ 12.001/mês a R$ 16.000/mês","1","0.36"
"2023","Analista de Dados/Data Analyst","Júnior","Masculino","de R$ 4.001/mês a R$ 6.000/mês","68","24.64"
"2023","Analista de Dados/Data Analyst","Júnior","Masculino","de R$ 3.001/mês a R$ 4.000/mês","48","17.39"
"2023","Analista de Dados/Data Analyst","Júnior","Masculino","de R$ 2.001/mês a R$ 3.000/mês","42","15.22"
"2023","Analista de Dados/Data Analyst","Júnior","Masculino","de R$ 1.001/mês a R$ 2.000/mês","23","8.33"
"2023","Analista de Dados/Data Analyst","Júnior","Masculino","de R$ 6.001/mês a R$ 8.000/mês","7","2.54"
"2023","Analista de Dados/Data Analyst","Júnior","Masculino","Menos de R$ 1.000/mês","2","0.72"
"2023","Analista de Dados/Data Analyst","Júnior","Masculino","de R$ 16.001/mês a R$ 20.000/mês","1","0.36"
"2023","Analista de Dados/Data Analyst","Júnior","Masculino","de R$ 12.001/mês a R$ 16.000/mês","1","0.36"
"2023","Analista de Dados/Data Analyst","Pleno","Feminino","de R$ 6.001/mês a R$ 8.000/mês","37","10.28"
"2023","Analista de Dados/Data Analyst","Pleno","Feminino","de R$ 4.001/mês a R$ 6.000/mês","29","8.06"
"2023","Analista de Dados/Data Analyst","Pleno","Feminino","de R$ 8.001/mês a R$ 12.000/mês","18","5.0"
"2023","Analista de Dados/Data Analyst","Pleno","Feminino","de R$ 3.001/mês a R$ 4.000/mês","12","3.33"
"2023","Analista de Dados/Data Analyst","Pleno","Feminino","de R$ 1.001/mês a R$ 2.000/mês","3","0.83"
"2023","Analista de Dados/Data Analyst","Pleno","Feminino","de R$ 2.001/mês a R$ 3.000/mês","2","0.56"
"2023","Analista de Dados/Data Analyst","Pleno","Feminino","de R$ 12.001/mês a R$ 16.000/mês","1","0.28"
"2023","Analista de Dados/Data Analyst","Pleno","Masculino","de R$ 4.001/mês a R$ 6.000/mês","81","22.5"
"2023","Analista de Dados/Data Analyst","Pleno","Masculino","de R$ 6.001/mês a R$ 8.000/mês","74","20.56"
"2023","Analista de Dados/Data Analyst","Pleno","Masculino","de R$ 8.001/mês a R$ 12.000/mês","39","10.83"
"2023","Analista de Dados/Data Analyst","Pleno","Masculino","de R$ 3.001/mês a R$ 4.000/mês","34","9.44"
"2023","Analista de Dados/Data Analyst","Pleno","Masculino","de R$ 2.001/mês a R$ 3.000/mês","11","3.06"
"2023","Analista de Dados/Data Analyst","Pleno","Masculino","de R$ 12.001/mês a R$ 16.000/mês","11","3.06"
"2023","Analista de Dados/Data Analyst","Pleno","Masculino","de R$ 16.001/mês a R$ 20.000/mês","4","1.11"
"2023","Analista de Dados/Data Analyst","Pleno","Masculino","Acima de R$ 40.001/mês","1","0.28"
"2023","Analista de Dados/Data Analyst","Pleno","Masculino","de R$ 20.001/mês a R$ 25.000/mês","1","0.28"
"2023","Analista de Dados/Data Analyst","Pleno","Masculino","de R$ 30.001/mês a R$ 40.000/mês","1","0.28"
"2023","Analista de Dados/Data Analyst","Pleno","Masculino","de R$ 1.001/mês a R$ 2.000/mês","1","0.28"
"2023","Analista de Dados/Data Analyst","Sênior","Feminino","de R$ 8.001/mês a R$ 12.000/mês","36","13.43"
"2023","Analista de Dados/Data Analyst","Sênior","Feminino","de R$ 12.001/mês a R$ 16.000/mês","15","5.6"
"2023","Analista de Dados/Data Analyst","Sênior","Feminino","de R$ 6.001/mês a R$ 8.000/mês","10","3.73"
"2023","Analista de Dados/Data Analyst","Sênior","Feminino","de R$ 16.001/mês a R$ 20.000/mês","4","1.49"
"2023","Analista de Dados/Data Analyst","Sênior","Feminino","de R$ 4.001/mês a R$ 6.000/mês","4","1.49"
"2023","Analista de Dados/Data Analyst","Sênior","Feminino","de R$ 30.001/mês a R$ 40.000/mês","2","0.75"
"2023","Analista de Dados/Data Analyst","Sênior","Feminino","de R$ 20.001/mês a R$ 25.000/mês","1","0.37"
"2023","Analista de Dados/Data Analyst","Sênior","Feminino","de R$ 3.001/mês a R$ 4.000/mês","1","0.37"
"2023","Analista de Dados/Data Analyst","Sênior","Masculino","de R$ 8.001/mês a R$ 12.000/mês","104","38.81"
"2023","Analista de Dados/Data Analyst","Sênior","Masculino","de R$ 12.001/mês a R$ 16.000/mês","36","13.43"
"2023","Analista de Dados/Data Analyst","Sênior","Masculino","de R$ 6.001/mês a R$ 8.000/mês","27","10.07"
"2023","Analista de Dados/Data Analyst","Sênior","Masculino","de R$ 4.001/mês a R$ 6.000/mês","13","4.85"
"2023","Analista de Dados/Data Analyst","Sênior","Masculino","de R$ 16.001/mês a R$ 20.000/mês","7","2.61"
"2023","Analista de Dados/Data Analyst","Sênior","Masculino","de R$ 20.001/mês a R$ 25.000/mês","4","1.49"
"2023","Analista de Dados/Data Analyst","Sênior","Masculino","de R$ 25.001/mês a R$ 30.000/mês","2","0.75"
"2023","Analista de Dados/Data Analyst","Sênior","Masculino","Acima de R$ 40.001/mês","1","0.37"
"2023","Analista de Dados/Data Analyst","Sênior","Masculino","de R$ 30.001/mês a R$ 40.000/mês","1","0.37"
"2023","Analista de Inteligência de Mercado/Market Intelligence","Júnior","Feminino","de R$ 1.001/mês a R$ 2.000/mês","3","18.75"
"2023","Analista de Inteligência de Mercado/Market Intelligence","Júnior","Feminino","de R$ 2.001/mês a R$ 3.000/mês","2","12.5"
"2023","Analista de Inteligência de Mercado/Market Intelligence","Júnior","Feminino","de R$ 4.001/mês a R$ 6.000/mês","1","6.25"
"2023","Analista de Inteligência de Mercado/Market Intelligence","Júnior","Masculino","de R$ 2.001/mês a R$ 3.000/mês","5","31.25"
"2023","Analista de Inteligência de Mercado/Market Intelligence","Júnior","Masculino","de R$ 1.001/mês a R$ 2.000/mês","2","12.5"
"2023","Analista de Inteligência de Mercado/Market Intelligence","Júnior","Masculino","de R$ 3.001/mês a R$ 4.000/mês","1","6.25"
"2023","Analista de Inteligência de Mercado/Market Intelligence","Júnior","Masculino","de R$ 8.001/mês a R$ 12.000/mês","1","6.25"
"2023","Analista de Inteligência de Mercado/Market Intelligence","Júnior","Masculino","de R$ 4.001/mês a R$ 6.000/mês","1","6.25"
"2023","Analista de Inteligência de Mercado/Market Intelligence","Pleno","Feminino","de R$ 6.001/mês a R$ 8.000/mês","3","20.0"
"2023","Analista de Inteligência de Mercado/Market Intelligence","Pleno","Feminino","de R$ 4.001/mês a R$ 6.000/mês","1","6.67"
"2023","Analista de Inteligência de Mercado/Market Intelligence","Pleno","Feminino","de R$ 8.001/mês a R$ 12.000/mês","1","6.67"
"2023","Analista de Inteligência de Mercado/Market Intelligence","Pleno","Masculino","de R$ 4.001/mês a R$ 6.000/mês","5","33.33"
"2023","Analista de Inteligência de Mercado/Market Intelligence","Pleno","Masculino","de R$ 3.001/mês a R$ 4.000/mês","3","20.0"
"2023","Analista de Inteligência de Mercado/Market Intelligence","Pleno","Masculino","de R$ 6.001/mês a R$ 8.000/mês","2","13.33"
"2023","Analista de Inteligência de Mercado/Market Intelligence","Sênior","Feminino","de R$ 8.001/mês a R$ 12.000/mês","3","37.5"
"2023","Analista de Inteligência de Mercado/Market Intelligence","Sênior","Masculino","de R$ 8.001/mês a R$ 12.000/mês","2","25.0"
"2023","Analista de Inteligência de Mercado/Market Intelligence","Sênior","Masculino","de R$ 20.001/mês a R$ 25.000/mês","1","12.5"
"2023","Analista de Inteligência de Mercado/Market Intelligence","Sênior","Masculino","de R$ 4.001/mês a R$ 6.000/mês","1","12.5"
"2023","Analista de Inteligência de Mercado/Market Intelligence","Sênior","Masculino","de R$ 6.001/mês a R$ 8.000/mês","1","12.5"
"2023","Analista de Negócios/Business Analyst","Júnior","Feminino","de R$ 2.001/mês a R$ 3.000/mês","6","13.95"
"2023","Analista de Negócios/Business Analyst","Júnior","Feminino","de R$ 4.001/mês a R$ 6.000/mês","5","11.63"
"2023","Analista de Negócios/Business Analyst","Júnior","Feminino","de R$ 3.001/mês a R$ 4.000/mês","5","11.63"
"2023","Analista de Negócios/Business Analyst","Júnior","Feminino","de R$ 1.001/mês a R$ 2.000/mês","1","2.33"
"2023","Analista de Negócios/Business Analyst","Júnior","Masculino","de R$ 4.001/mês a R$ 6.000/mês","11","25.58"
"2023","Analista de Negócios/Business Analyst","Júnior","Masculino","de R$ 2.001/mês a R$ 3.000/mês","6","13.95"
"2023","Analista de Negócios/Business Analyst","Júnior","Masculino","de R$ 1.001/mês a R$ 2.000/mês","4","9.3"
"2023","Analista de Negócios/Business Analyst","Júnior","Masculino","de R$ 3.001/mês a R$ 4.000/mês","3","6.98"
"2023","Analista de Negócios/Business Analyst","Júnior","Masculino","de R$ 6.001/mês a R$ 8.000/mês","2","4.65"
"2023","Analista de Negócios/Business Analyst","Pleno","Feminino","de R$ 6.001/mês a R$ 8.000/mês","9","13.04"
"2023","Analista de Negócios/Business Analyst","Pleno","Feminino","de R$ 8.001/mês a R$ 12.000/mês","4","5.8"
"2023","Analista de Negócios/Business Analyst","Pleno","Feminino","de R$ 4.001/mês a R$ 6.000/mês","3","4.35"
"2023","Analista de Negócios/Business Analyst","Pleno","Feminino","de R$ 2.001/mês a R$ 3.000/mês","1","1.45"
"2023","Analista de Negócios/Business Analyst","Pleno","Feminino","de R$ 3.001/mês a R$ 4.000/mês","1","1.45"
"2023","Analista de Negócios/Business Analyst","Pleno","Masculino","de R$ 4.001/mês a R$ 6.000/mês","20","28.99"
"2023","Analista de Negócios/Business Analyst","Pleno","Masculino","de R$ 6.001/mês a R$ 8.000/mês","12","17.39"
"2023","Analista de Negócios/Business Analyst","Pleno","Masculino","de R$ 3.001/mês a R$ 4.000/mês","7","10.14"
"2023","Analista de Negócios/Business Analyst","Pleno","Masculino","de R$ 8.001/mês a R$ 12.000/mês","5","7.25"
"2023","Analista de Negócios/Business Analyst","Pleno","Masculino","de R$ 2.001/mês a R$ 3.000/mês","4","5.8"
"2023","Analista de Negócios/Business Analyst","Pleno","Masculino","de R$ 12.001/mês a R$ 16.000/mês","2","2.9"
"2023","Analista de Negócios/Business Analyst","Pleno","Masculino","de R$ 16.001/mês a R$ 20.000/mês","1","1.45"
"2023","Analista de Negócios/Business Analyst","Sênior","Feminino","de R$ 8.001/mês a R$ 12.000/mês","12","14.46"
"2023","Analista de Negócios/Business Analyst","Sênior","Feminino","de R$ 6.001/mês a R$ 8.000/mês","10","12.05"
"2023","Analista de Negócios/Business Analyst","Sênior","Feminino","de R$ 12.001/mês a R$ 16.000/mês","6","7.23"
"2023","Analista de Negócios/Business Analyst","Sênior","Feminino","de R$ 16.001/mês a R$ 20.000/mês","2","2.41"
"2023","Analista de Negócios/Business Analyst","Sênior","Feminino","de R$ 3.001/mês a R$ 4.000/mês","1","1.2"
"2023","Analista de Negócios/Business Analyst","Sênior","Feminino","de R$ 4.001/mês a R$ 6.000/mês","1","1.2"
"2023","Analista de Negócios/Business Analyst","Sênior","Masculino","de R$ 8.001/mês a R$ 12.000/mês","24","28.92"
"2023","Analista de Negócios/Business Analyst","Sênior","Masculino","de R$ 6.001/mês a R$ 8.000/mês","13","15.66"
"2023","Analista de Negócios/Business Analyst","Sênior","Masculino","de R$ 4.001/mês a R$ 6.000/mês","7","8.43"
"2023","Analista de Negócios/Business Analyst","Sênior","Masculino","de R$ 12.001/mês a R$ 16.000/mês","4","4.82"
"2023","Analista de Negócios/Business Analyst","Sênior","Masculino","de R$ 16.001/mês a R$ 20.000/mês","2","2.41"
"2023","Analista de Negócios/Business Analyst","Sênior","Masculino","de R$ 20.001/mês a R$ 25.000/mês","1","1.2"
"2023","Analista de Suporte/Analista Técnico","Júnior","Feminino","de R$ 2.001/mês a R$ 3.000/mês","4","15.38"
"2023","Analista de Suporte/Analista Técnico","Júnior","Feminino","de R$ 1.001/mês a R$ 2.000/mês","2","7.69"
"2023","Analista de Suporte/Analista Técnico","Júnior","Feminino","de R$ 3.001/mês a R$ 4.000/mês","1","3.85"
"2023","Analista de Suporte/Analista Técnico","Júnior","Feminino","de R$ 4.001/mês a R$ 6.000/mês","1","3.85"
"2023","Analista de Suporte/Analista Técnico","Júnior","Masculino","de R$ 2.001/mês a R$ 3.000/mês","8","30.77"
"2023","Analista de Suporte/Analista Técnico","Júnior","Masculino","de R$ 3.001/mês a R$ 4.000/mês","5","19.23"
"2023","Analista de Suporte/Analista Técnico","Júnior","Masculino","de R$ 1.001/mês a R$ 2.000/mês","4","15.38"
"2023","Analista de Suporte/Analista Técnico","Júnior","Masculino","de R$ 4.001/mês a R$ 6.000/mês","1","3.85"
"2023","Analista de Suporte/Analista Técnico","Pleno","Feminino","de R$ 4.001/mês a R$ 6.000/mês","2","6.45"
"2023","Analista de Suporte/Analista Técnico","Pleno","Feminino","de R$ 3.001/mês a R$ 4.000/mês","2","6.45"
"2023","Analista de Suporte/Analista Técnico","Pleno","Masculino","de R$ 3.001/mês a R$ 4.000/mês","7","22.58"
"2023","Analista de Suporte/Analista Técnico","Pleno","Masculino","de R$ 4.001/mês a R$ 6.000/mês","7","22.58"
"2023","Analista de Suporte/Analista Técnico","Pleno","Masculino","de R$ 2.001/mês a R$ 3.000/mês","5","16.13"
"2023","Analista de Suporte/Analista Técnico","Pleno","Masculino","de R$ 6.001/mês a R$ 8.000/mês","3","9.68"
"2023","Analista de Suporte/Analista Técnico","Pleno","Masculino","de R$ 8.001/mês a R$ 12.000/mês","2","6.45"
"2023","Analista de Suporte/Analista Técnico","Pleno","Masculino","de R$ 1.001/mês a R$ 2.000/mês","2","6.45"
"2023","Analista de Suporte/Analista Técnico","Pleno","Masculino","Menos de R$ 1.000/mês","1","3.23"
"2023","Analista de Suporte/Analista Técnico","Sênior","Feminino","de R$ 6.001/mês a R$ 8.000/mês","2","13.33"
"2023","Analista de Suporte/Analista Técnico","Sênior","Feminino","de R$ 12.001/mês a R$ 16.000/mês","1","6.67"
"2023","Analista de Suporte/Analista Técnico","Sênior","Feminino","de R$ 3.001/mês a R$ 4.000/mês","1","6.67"
"2023","Analista de Suporte/Analista Técnico","Sênior","Feminino","de R$ 4.001/mês a R$ 6.000/mês","1","6.67"
"2023","Analista de Suporte/Analista Técnico","Sênior","Masculino","de R$ 8.001/mês a R$ 12.000/mês","5","33.33"
"2023","Analista de Suporte/Analista Técnico","Sênior","Masculino","de R$ 6.001/mês a R$ 8.000/mês","2","13.33"
"2023","Analista de Suporte/Analista Técnico","Sênior","Masculino","de R$ 3.001/mês a R$ 4.000/mês","2","13.33"
"2023","Analista de Suporte/Analista Técnico","Sênior","Masculino","de R$ 4.001/mês a R$ 6.000/mês","1","6.67"
"2023","Analytics Engineer","Júnior","Feminino","de R$ 1.001/mês a R$ 2.000/mês","2","11.11"
"2023","Analytics Engineer","Júnior","Feminino","de R$ 4.001/mês a R$ 6.000/mês","2","11.11"
"2023","Analytics Engineer","Júnior","Feminino","de R$ 2.001/mês a R$ 3.000/mês","1","5.56"
"2023","Analytics Engineer","Júnior","Feminino","de R$ 3.001/mês a R$ 4.000/mês","1","5.56"
"2023","Analytics Engineer","Júnior","Masculino","de R$ 4.001/mês a R$ 6.000/mês","8","44.44"
"2023","Analytics Engineer","Júnior","Masculino","de R$ 3.001/mês a R$ 4.000/mês","1","5.56"
"2023","Analytics Engineer","Júnior","Masculino","de R$ 1.001/mês a R$ 2.000/mês","1","5.56"
"2023","Analytics Engineer","Júnior","Masculino","de R$ 2.001/mês a R$ 3.000/mês","1","5.56"
"2023","Analytics Engineer","Júnior","Masculino","de R$ 6.001/mês a R$ 8.000/mês","1","5.56"
"2023","Analytics Engineer","Pleno","Feminino","de R$ 6.001/mês a R$ 8.000/mês","9","17.65"
"2023","Analytics Engineer","Pleno","Feminino","de R$ 12.001/mês a R$ 16.000/mês","3","5.88"
"2023","Analytics Engineer","Pleno","Feminino","de R$ 8.001/mês a R$ 12.000/mês","1","1.96"
"2023","Analytics Engineer","Pleno","Feminino","de R$ 4.001/mês a R$ 6.000/mês","1","1.96"
"2023","Analytics Engineer","Pleno","Feminino","de R$ 25.001/mês a R$ 30.000/mês","1","1.96"
"2023","Analytics Engineer","Pleno","Masculino","de R$ 8.001/mês a R$ 12.000/mês","13","25.49"
"2023","Analytics Engineer","Pleno","Masculino","de R$ 6.001/mês a R$ 8.000/mês","11","21.57"
"2023","Analytics Engineer","Pleno","Masculino","de R$ 12.001/mês a R$ 16.000/mês","5","9.8"
"2023","Analytics Engineer","Pleno","Masculino","de R$ 4.001/mês a R$ 6.000/mês","5","9.8"
"2023","Analytics Engineer","Pleno","Masculino","de R$ 3.001/mês a R$ 4.000/mês","2","3.92"
"2023","Analytics Engineer","Sênior","Feminino","de R$ 12.001/mês a R$ 16.000/mês","6","8.7"
"2023","Analytics Engineer","Sênior","Feminino","de R$ 8.001/mês a R$ 12.000/mês","3","4.35"
"2023","Analytics Engineer","Sênior","Feminino","de R$ 6.001/mês a R$ 8.000/mês","1","1.45"
"2023","Analytics Engineer","Sênior","Feminino","de R$ 16.001/mês a R$ 20.000/mês","1","1.45"
"2023","Analytics Engineer","Sênior","Feminino","de R$ 20.001/mês a R$ 25.000/mês","1","1.45"
"2023","Analytics Engineer","Sênior","Masculino","de R$ 8.001/mês a R$ 12.000/mês","21","30.43"
"2023","Analytics Engineer","Sênior","Masculino","de R$ 12.001/mês a R$ 16.000/mês","15","21.74"
"2023","Analytics Engineer","Sênior","Masculino","de R$ 16.001/mês a R$ 20.000/mês","9","13.04"
"2023","Analytics Engineer","Sênior","Masculino","de R$ 25.001/mês a R$ 30.000/mês","5","7.25"
"2023","Analytics Engineer","Sênior","Masculino","de R$ 6.001/mês a R$ 8.000/mês","3","4.35"
"2023","Analytics Engineer","Sênior","Masculino","de R$ 30.001/mês a R$ 40.000/mês","2","2.9"
"2023","Analytics Engineer","Sênior","Masculino","de R$ 4.001/mês a R$ 6.000/mês","1","1.45"
"2023","Analytics Engineer","Sênior","Masculino","de R$ 20.001/mês a R$ 25.000/mês","1","1.45"
"2023","Cientista de Dados/Data Scientist","Júnior","Feminino","de R$ 4.001/mês a R$ 6.000/mês","14","8.48"
"2023","Cientista de Dados/Data Scientist","Júnior","Feminino","de R$ 2.001/mês a R$ 3.000/mês","8","4.85"
"2023","Cientista de Dados/Data Scientist","Júnior","Feminino","de R$ 8.001/mês a R$ 12.000/mês","7","4.24"
"2023","Cientista de Dados/Data Scientist","Júnior","Feminino","de R$ 1.001/mês a R$ 2.000/mês","4","2.42"
"2023","Cientista de Dados/Data Scientist","Júnior","Feminino","de R$ 3.001/mês a R$ 4.000/mês","4","2.42"
"2023","Cientista de Dados/Data Scientist","Júnior","Feminino","de R$ 6.001/mês a R$ 8.000/mês","4","2.42"
"2023","Cientista de Dados/Data Scientist","Júnior","Masculino","de R$ 4.001/mês a R$ 6.000/mês","38","23.03"
"2023","Cientista de Dados/Data Scientist","Júnior","Masculino","de R$ 3.001/mês a R$ 4.000/mês","19","11.52"
"2023","Cientista de Dados/Data Scientist","Júnior","Masculino","de R$ 6.001/mês a R$ 8.000/mês","19","11.52"
"2023","Cientista de Dados/Data Scientist","Júnior","Masculino","de R$ 1.001/mês a R$ 2.000/mês","16","9.7"
"2023","Cientista de Dados/Data Scientist","Júnior","Masculino","de R$ 8.001/mês a R$ 12.000/mês","15","9.09"
"2023","Cientista de Dados/Data Scientist","Júnior","Masculino","de R$ 2.001/mês a R$ 3.000/mês","14","8.48"
"2023","Cientista de Dados/Data Scientist","Júnior","Masculino","Menos de R$ 1.000/mês","3","1.82"
"2023","Cientista de Dados/Data Scientist","Pleno","Feminino","de R$ 8.001/mês a R$ 12.000/mês","25","10.08"
"2023","Cientista de Dados/Data Scientist","Pleno","Feminino","de R$ 6.001/mês a R$ 8.000/mês","16","6.45"
"2023","Cientista de Dados/Data Scientist","Pleno","Feminino","de R$ 4.001/mês a R$ 6.000/mês","9","3.63"
"2023","Cientista de Dados/Data Scientist","Pleno","Feminino","de R$ 12.001/mês a R$ 16.000/mês","6","2.42"
"2023","Cientista de Dados/Data Scientist","Pleno","Feminino","de R$ 3.001/mês a R$ 4.000/mês","2","0.81"
"2023","Cientista de Dados/Data Scientist","Pleno","Feminino","de R$ 20.001/mês a R$ 25.000/mês","1","0.4"
"2023","Cientista de Dados/Data Scientist","Pleno","Masculino","de R$ 8.001/mês a R$ 12.000/mês","84","33.87"
"2023","Cientista de Dados/Data Scientist","Pleno","Masculino","de R$ 6.001/mês a R$ 8.000/mês","47","18.95"
"2023","Cientista de Dados/Data Scientist","Pleno","Masculino","de R$ 4.001/mês a R$ 6.000/mês","27","10.89"
"2023","Cientista de Dados/Data Scientist","Pleno","Masculino","de R$ 12.001/mês a R$ 16.000/mês","16","6.45"
"2023","Cientista de Dados/Data Scientist","Pleno","Masculino","de R$ 3.001/mês a R$ 4.000/mês","7","2.82"
"2023","Cientista de Dados/Data Scientist","Pleno","Masculino","de R$ 16.001/mês a R$ 20.000/mês","4","1.61"
"2023","Cientista de Dados/Data Scientist","Pleno","Masculino","de R$ 2.001/mês a R$ 3.000/mês","2","0.81"
"2023","Cientista de Dados/Data Scientist","Pleno","Masculino","de R$ 25.001/mês a R$ 30.000/mês","1","0.4"
"2023","Cientista de Dados/Data Scientist","Pleno","Masculino","de R$ 20.001/mês a R$ 25.000/mês","1","0.4"
"2023","Cientista de Dados/Data Scientist","Sênior","Feminino","de R$ 12.001/mês a R$ 16.000/mês","23","8.55"
"2023","Cientista de Dados/Data Scientist","Sênior","Feminino","de R$ 8.001/mês a R$ 12.000/mês","21","7.81"
"2023","Cientista de Dados/Data Scientist","Sênior","Feminino","de R$ 16.001/mês a R$ 20.000/mês","7","2.6"
"2023","Cientista de Dados/Data Scientist","Sênior","Feminino","de R$ 6.001/mês a R$ 8.000/mês","1","0.37"
"2023","Cientista de Dados/Data Scientist","Sênior","Feminino","de R$ 25.001/mês a R$ 30.000/mês","1","0.37"
"2023","Cientista de Dados/Data Scientist","Sênior","Feminino","Acima de R$ 40.001/mês","1","0.37"
"2023","Cientista de Dados/Data Scientist","Sênior","Masculino","de R$ 12.001/mês a R$ 16.000/mês","83","30.86"
"2023","Cientista de Dados/Data Scientist","Sênior","Masculino","de R$ 8.001/mês a R$ 12.000/mês","55","20.45"
"2023","Cientista de Dados/Data Scientist","Sênior","Masculino","de R$ 16.001/mês a R$ 20.000/mês","38","14.13"
"2023","Cientista de Dados/Data Scientist","Sênior","Masculino","de R$ 20.001/mês a R$ 25.000/mês","15","5.58"
"2023","Cientista de Dados/Data Scientist","Sênior","Masculino","de R$ 25.001/mês a R$ 30.000/mês","9","3.35"
"2023","Cientista de Dados/Data Scientist","Sênior","Masculino","Acima de R$ 40.001/mês","5","1.86"
"2023","Cientista de Dados/Data Scientist","Sênior","Masculino","de R$ 6.001/mês a R$ 8.000/mês","5","1.86"
"2023","Cientista de Dados/Data Scientist","Sênior","Masculino","de R$ 30.001/mês a R$ 40.000/mês","5","1.86"
"2023","DBA/Administrador de Banco de Dados","Júnior","Feminino","de R$ 2.001/mês a R$ 3.000/mês","1","50.0"
"2023","DBA/Administrador de Banco de Dados","Júnior","Feminino","de R$ 1.001/mês a R$ 2.000/mês","1","50.0"
"2023","DBA/Administrador de Banco de Dados","Pleno","Masculino","de R$ 3.001/mês a R$ 4.000/mês","2","40.0"
"2023","DBA/Administrador de Banco de Dados","Pleno","Masculino","de R$ 8.001/mês a R$ 12.000/mês","2","40.0"
"2023","DBA/Administrador de Banco de Dados","Pleno","Masculino","de R$ 6.001/mês a R$ 8.000/mês","1","20.0"
"2023","DBA/Administrador de Banco de Dados","Sênior","Feminino","de R$ 12.001/mês a R$ 16.000/mês","2","15.38"
"2023","DBA/Administrador de Banco de Dados","Sênior","Feminino","de R$ 8.001/mês a R$ 12.000/mês","1","7.69"
"2023","DBA/Administrador de Banco de Dados","Sênior","Masculino","de R$ 8.001/mês a R$ 12.000/mês","6","46.15"
"2023","DBA/Administrador de Banco de Dados","Sênior","Masculino","de R$ 12.001/mês a R$ 16.000/mês","2","15.38"
"2023","DBA/Administrador de Banco de Dados","Sênior","Masculino","Acima de R$ 40.001/mês","1","7.69"
"2023","DBA/Administrador de Banco de Dados","Sênior","Masculino","de R$ 16.001/mês a R$ 20.000/mês","1","7.69"
"2023","Data Product Manager/ Product Manager (PM/APM/DPM/GPM/PO)","Júnior","Feminino","de R$ 3.001/mês a R$ 4.000/mês","1","12.5"
"2023","Data Product Manager/ Product Manager (PM/APM/DPM/GPM/PO)","Júnior","Feminino","de R$ 4.001/mês a R$ 6.000/mês","1","12.5"
"2023","Data Product Manager/ Product Manager (PM/APM/DPM/GPM/PO)","Júnior","Masculino","de R$ 4.001/mês a R$ 6.000/mês","3","37.5"
"2023","Data Product Manager/ Product Manager (PM/APM/DPM/GPM/PO)","Júnior","Masculino","de R$ 16.001/mês a R$ 20.000/mês","1","12.5"
"2023","Data Product Manager/ Product Manager (PM/APM/DPM/GPM/PO)","Júnior","Masculino","de R$ 6.001/mês a R$ 8.000/mês","1","12.5"
"2023","Data Product Manager/ Product Manager (PM/APM/DPM/GPM/PO)","Júnior","Masculino","de R$ 2.001/mês a R$ 3.000/mês","1","12.5"
"2023","Data Product Manager/ Product Manager (PM/APM/DPM/GPM/PO)","Pleno","Feminino","de R$ 8.001/mês a R$ 12.000/mês","5","27.78"
"2023","Data Product Manager/ Product Manager (PM/APM/DPM/GPM/PO)","Pleno","Feminino","de R$ 6.001/mês a R$ 8.000/mês","2","11.11"
"2023","Data Product Manager/ Product Manager (PM/APM/DPM/GPM/PO)","Pleno","Feminino","de R$ 12.001/mês a R$ 16.000/mês","1","5.56"
"2023","Data Product Manager/ Product Manager (PM/APM/DPM/GPM/PO)","Pleno","Masculino","de R$ 8.001/mês a R$ 12.000/mês","3","16.67"
"2023","Data Product Manager/ Product Manager (PM/APM/DPM/GPM/PO)","Pleno","Masculino","de R$ 12.001/mês a R$ 16.000/mês","3","16.67"
"2023","Data Product Manager/ Product Manager (PM/APM/DPM/GPM/PO)","Pleno","Masculino","de R$ 6.001/mês a R$ 8.000/mês","2","11.11"
"2023","Data Product Manager/ Product Manager (PM/APM/DPM/GPM/PO)","Pleno","Masculino","de R$ 3.001/mês a R$ 4.000/mês","1","5.56"
"2023","Data Product Manager/ Product Manager (PM/APM/DPM/GPM/PO)","Pleno","Masculino","de R$ 4.001/mês a R$ 6.000/mês","1","5.56"
"2023","Data Product Manager/ Product Manager (PM/APM/DPM/GPM/PO)","Sênior","Feminino","de R$ 12.001/mês a R$ 16.000/mês","14","25.45"
"2023","Data Product Manager/ Product Manager (PM/APM/DPM/GPM/PO)","Sênior","Feminino","de R$ 8.001/mês a R$ 12.000/mês","6","10.91"
"2023","Data Product Manager/ Product Manager (PM/APM/DPM/GPM/PO)","Sênior","Feminino","de R$ 16.001/mês a R$ 20.000/mês","1","1.82"
"2023","Data Product Manager/ Product Manager (PM/APM/DPM/GPM/PO)","Sênior","Masculino","de R$ 8.001/mês a R$ 12.000/mês","13","23.64"
"2023","Data Product Manager/ Product Manager (PM/APM/DPM/GPM/PO)","Sênior","Masculino","de R$ 12.001/mês a R$ 16.000/mês","13","23.64"
"2023","Data Product Manager/ Product Manager (PM/APM/DPM/GPM/PO)","Sênior","Masculino","de R$ 16.001/mês a R$ 20.000/mês","3","5.45"
"2023","Data Product Manager/ Product Manager (PM/APM/DPM/GPM/PO)","Sênior","Masculino","de R$ 6.001/mês a R$ 8.000/mês","2","3.64"
"2023","Data Product Manager/ Product Manager (PM/APM/DPM/GPM/PO)","Sênior","Masculino","de R$ 1.001/mês a R$ 2.000/mês","1","1.82"
"2023","Data Product Manager/ Product Manager (PM/APM/DPM/GPM/PO)","Sênior","Masculino","de R$ 4.001/mês a R$ 6.000/mês","1","1.82"
"2023","Data Product Manager/ Product Manager (PM/APM/DPM/GPM/PO)","Sênior","Masculino","de R$ 30.001/mês a R$ 40.000/mês","1","1.82"
"2023","Desenvolvedor/ Engenheiro de Software/ Analista de Sistemas","Júnior","Feminino","de R$ 2.001/mês a R$ 3.000/mês","3","10.71"
"2023","Desenvolvedor/ Engenheiro de Software/ Analista de Sistemas","Júnior","Feminino","de R$ 4.001/mês a R$ 6.000/mês","1","3.57"
"2023","Desenvolvedor/ Engenheiro de Software/ Analista de Sistemas","Júnior","Feminino","de R$ 3.001/mês a R$ 4.000/mês","1","3.57"
"2023","Desenvolvedor/ Engenheiro de Software/ Analista de Sistemas","Júnior","Feminino","Menos de R$ 1.000/mês","1","3.57"
"2023","Desenvolvedor/ Engenheiro de Software/ Analista de Sistemas","Júnior","Masculino","de R$ 4.001/mês a R$ 6.000/mês","7","25.0"
"2023","Desenvolvedor/ Engenheiro de Software/ Analista de Sistemas","Júnior","Masculino","de R$ 2.001/mês a R$ 3.000/mês","6","21.43"
"2023","Desenvolvedor/ Engenheiro de Software/ Analista de Sistemas","Júnior","Masculino","de R$ 3.001/mês a R$ 4.000/mês","4","14.29"
"2023","Desenvolvedor/ Engenheiro de Software/ Analista de Sistemas","Júnior","Masculino","de R$ 1.001/mês a R$ 2.000/mês","4","14.29"
"2023","Desenvolvedor/ Engenheiro de Software/ Analista de Sistemas","Júnior","Masculino","de R$ 8.001/mês a R$ 12.000/mês","1","3.57"
"2023","Desenvolvedor/ Engenheiro de Software/ Analista de Sistemas","Pleno","Feminino","de R$ 4.001/mês a R$ 6.000/mês","3","11.54"
"2023","Desenvolvedor/ Engenheiro de Software/ Analista de Sistemas","Pleno","Feminino","de R$ 8.001/mês a R$ 12.000/mês","1","3.85"
"2023","Desenvolvedor/ Engenheiro de Software/ Analista de Sistemas","Pleno","Feminino","de R$ 12.001/mês a R$ 16.000/mês","1","3.85"
"2023","Desenvolvedor/ Engenheiro de Software/ Analista de Sistemas","Pleno","Masculino","de R$ 6.001/mês a R$ 8.000/mês","8","30.77"
"2023","Desenvolvedor/ Engenheiro de Software/ Analista de Sistemas","Pleno","Masculino","de R$ 4.001/mês a R$ 6.000/mês","5","19.23"
"2023","Desenvolvedor/ Engenheiro de Software/ Analista de Sistemas","Pleno","Masculino","de R$ 3.001/mês a R$ 4.000/mês","2","7.69"
"2023","Desenvolvedor/ Engenheiro de Software/ Analista de Sistemas","Pleno","Masculino","de R$ 8.001/mês a R$ 12.000/mês","2","7.69"
"2023","Desenvolvedor/ Engenheiro de Software/ Analista de Sistemas","Pleno","Masculino","de R$ 12.001/mês a R$ 16.000/mês","2","7.69"
"2023","Desenvolvedor/ Engenheiro de Software/ Analista de Sistemas","Pleno","Masculino","de R$ 2.001/mês a R$ 3.000/mês","1","3.85"
"2023","Desenvolvedor/ Engenheiro de Software/ Analista de Sistemas","Pleno","Masculino","de R$ 16.001/mês a R$ 20.000/mês","1","3.85"
"2023","Desenvolvedor/ Engenheiro de Software/ Analista de Sistemas","Sênior","Feminino","de R$ 8.001/mês a R$ 12.000/mês","4","7.84"
"2023","Desenvolvedor/ Engenheiro de Software/ Analista de Sistemas","Sênior","Feminino","de R$ 12.001/mês a R$ 16.000/mês","3","5.88"
"2023","Desenvolvedor/ Engenheiro de Software/ Analista de Sistemas","Sênior","Feminino","de R$ 6.001/mês a R$ 8.000/mês","2","3.92"
"2023","Desenvolvedor/ Engenheiro de Software/ Analista de Sistemas","Sênior","Feminino","Acima de R$ 40.001/mês","1","1.96"
"2023","Desenvolvedor/ Engenheiro de Software/ Analista de Sistemas","Sênior","Masculino","de R$ 12.001/mês a R$ 16.000/mês","10","19.61"
"2023","Desenvolvedor/ Engenheiro de Software/ Analista de Sistemas","Sênior","Masculino","de R$ 8.001/mês a R$ 12.000/mês","9","17.65"
"2023","Desenvolvedor/ Engenheiro de Software/ Analista de Sistemas","Sênior","Masculino","de R$ 16.001/mês a R$ 20.000/mês","7","13.73"
"2023","Desenvolvedor/ Engenheiro de Software/ Analista de Sistemas","Sênior","Masculino","de R$ 6.001/mês a R$ 8.000/mês","5","9.8"
"2023","Desenvolvedor/ Engenheiro de Software/ Analista de Sistemas","Sênior","Masculino","de R$ 20.001/mês a R$ 25.000/mês","4","7.84"
"2023","Desenvolvedor/ Engenheiro de Software/ Analista de Sistemas","Sênior","Masculino","de R$ 2.001/mês a R$ 3.000/mês","2","3.92"
"2023","Desenvolvedor/ Engenheiro de Software/ Analista de Sistemas","Sênior","Masculino","Acima de R$ 40.001/mês","1","1.96"
"2023","Desenvolvedor/ Engenheiro de Software/ Analista de Sistemas","Sênior","Masculino","de R$ 4.001/mês a R$ 6.000/mês","1","1.96"
"2023","Desenvolvedor/ Engenheiro de Software/ Analista de Sistemas","Sênior","Masculino","de R$ 30.001/mês a R$ 40.000/mês","1","1.96"
"2023","Desenvolvedor/ Engenheiro de Software/ Analista de Sistemas","Sênior","Masculino","de R$ 25.001/mês a R$ 30.000/mês","1","1.96"
"2023","Economista","Júnior","Masculino","de R$ 1.001/mês a R$ 2.000/mês","1","100.0"
"2023","Economista","Pleno","Feminino","de R$ 6.001/mês a R$ 8.000/mês","1","50.0"
"2023","Economista","Pleno","Masculino","de R$ 8.001/mês a R$ 12.000/mês","1","50.0"
"2023","Economista","Sênior","Masculino","de R$ 25.001/mês a R$ 30.000/mês","1","50.0"
"2023","Economista","Sênior","Masculino","de R$ 8.001/mês a R$ 12.000/mês","1","50.0"
"2023","Engenheiro de Dados/Arquiteto de Dados/Data Engineer/Data Architect","Júnior","Feminino","de R$ 3.001/mês a R$ 4.000/mês","7","5.69"
"2023","Engenheiro de Dados/Arquiteto de Dados/Data Engineer/Data Architect","Júnior","Feminino","de R$ 4.001/mês a R$ 6.000/mês","6","4.88"
"2023","Engenheiro de Dados/Arquiteto de Dados/Data Engineer/Data Architect","Júnior","Feminino","de R$ 2.001/mês a R$ 3.000/mês","5","4.07"
"2023","Engenheiro de Dados/Arquiteto de Dados/Data Engineer/Data Architect","Júnior","Feminino","de R$ 6.001/mês a R$ 8.000/mês","5","4.07"
"2023","Engenheiro de Dados/Arquiteto de Dados/Data Engineer/Data Architect","Júnior","Feminino","de R$ 1.001/mês a R$ 2.000/mês","4","3.25"
"2023","Engenheiro de Dados/Arquiteto de Dados/Data Engineer/Data Architect","Júnior","Feminino","Menos de R$ 1.000/mês","3","2.44"
"2023","Engenheiro de Dados/Arquiteto de Dados/Data Engineer/Data Architect","Júnior","Feminino","de R$ 8.001/mês a R$ 12.000/mês","1","0.81"
"2023","Engenheiro de Dados/Arquiteto de Dados/Data Engineer/Data Architect","Júnior","Masculino","de R$ 4.001/mês a R$ 6.000/mês","32","26.02"
"2023","Engenheiro de Dados/Arquiteto de Dados/Data Engineer/Data Architect","Júnior","Masculino","de R$ 3.001/mês a R$ 4.000/mês","17","13.82"
"2023","Engenheiro de Dados/Arquiteto de Dados/Data Engineer/Data Architect","Júnior","Masculino","de R$ 6.001/mês a R$ 8.000/mês","16","13.01"
"2023","Engenheiro de Dados/Arquiteto de Dados/Data Engineer/Data Architect","Júnior","Masculino","de R$ 2.001/mês a R$ 3.000/mês","11","8.94"
"2023","Engenheiro de Dados/Arquiteto de Dados/Data Engineer/Data Architect","Júnior","Masculino","de R$ 1.001/mês a R$ 2.000/mês","9","7.32"
"2023","Engenheiro de Dados/Arquiteto de Dados/Data Engineer/Data Architect","Júnior","Masculino","de R$ 8.001/mês a R$ 12.000/mês","4","3.25"
"2023","Engenheiro de Dados/Arquiteto de Dados/Data Engineer/Data Architect","Júnior","Masculino","de R$ 12.001/mês a R$ 16.000/mês","1","0.81"
"2023","Engenheiro de Dados/Arquiteto de Dados/Data Engineer/Data Architect","Júnior","Masculino","de R$ 101/mês a R$ 2.000/mês","1","0.81"
"2023","Engenheiro de Dados/Arquiteto de Dados/Data Engineer/Data Architect","Júnior","Masculino","Menos de R$ 1.000/mês","1","0.81"
"2023","Engenheiro de Dados/Arquiteto de Dados/Data Engineer/Data Architect","Pleno","Feminino","de R$ 8.001/mês a R$ 12.000/mês","22","9.4"
"2023","Engenheiro de Dados/Arquiteto de Dados/Data Engineer/Data Architect","Pleno","Feminino","de R$ 6.001/mês a R$ 8.000/mês","13","5.56"
"2023","Engenheiro de Dados/Arquiteto de Dados/Data Engineer/Data Architect","Pleno","Feminino","de R$ 4.001/mês a R$ 6.000/mês","11","4.7"
"2023","Engenheiro de Dados/Arquiteto de Dados/Data Engineer/Data Architect","Pleno","Feminino","de R$ 3.001/mês a R$ 4.000/mês","2","0.85"
"2023","Engenheiro de Dados/Arquiteto de Dados/Data Engineer/Data Architect","Pleno","Feminino","de R$ 12.001/mês a R$ 16.000/mês","2","0.85"
"2023","Engenheiro de Dados/Arquiteto de Dados/Data Engineer/Data Architect","Pleno","Feminino","de R$ 20.001/mês a R$ 25.000/mês","1","0.43"
"2023","Engenheiro de Dados/Arquiteto de Dados/Data Engineer/Data Architect","Pleno","Feminino","de R$ 2.001/mês a R$ 3.000/mês","1","0.43"
"2023","Engenheiro de Dados/Arquiteto de Dados/Data Engineer/Data Architect","Pleno","Feminino","de R$ 30.001/mês a R$ 40.000/mês","1","0.43"
"2023","Engenheiro de Dados/Arquiteto de Dados/Data Engineer/Data Architect","Pleno","Masculino","de R$ 8.001/mês a R$ 12.000/mês","67","28.63"
"2023","Engenheiro de Dados/Arquiteto de Dados/Data Engineer/Data Architect","Pleno","Masculino","de R$ 6.001/mês a R$ 8.000/mês","48","20.51"
"2023","Engenheiro de Dados/Arquiteto de Dados/Data Engineer/Data Architect","Pleno","Masculino","de R$ 4.001/mês a R$ 6.000/mês","30","12.82"
"2023","Engenheiro de Dados/Arquiteto de Dados/Data Engineer/Data Architect","Pleno","Masculino","de R$ 12.001/mês a R$ 16.000/mês","20","8.55"
"2023","Engenheiro de Dados/Arquiteto de Dados/Data Engineer/Data Architect","Pleno","Masculino","de R$ 2.001/mês a R$ 3.000/mês","4","1.71"
"2023","Engenheiro de Dados/Arquiteto de Dados/Data Engineer/Data Architect","Pleno","Masculino","de R$ 16.001/mês a R$ 20.000/mês","4","1.71"
"2023","Engenheiro de Dados/Arquiteto de Dados/Data Engineer/Data Architect","Pleno","Masculino","de R$ 3.001/mês a R$ 4.000/mês","4","1.71"
"2023","Engenheiro de Dados/Arquiteto de Dados/Data Engineer/Data Architect","Pleno","Masculino","de R$ 25.001/mês a R$ 30.000/mês","3","1.28"
"2023","Engenheiro de Dados/Arquiteto de Dados/Data Engineer/Data Architect","Pleno","Masculino","de R$ 20.001/mês a R$ 25.000/mês","1","0.43"
"2023","Engenheiro de Dados/Arquiteto de Dados/Data Engineer/Data Architect","Sênior","Feminino","de R$ 8.001/mês a R$ 12.000/mês","16","4.92"
"2023","Engenheiro de Dados/Arquiteto de Dados/Data Engineer/Data Architect","Sênior","Feminino","de R$ 12.001/mês a R$ 16.000/mês","14","4.31"
"2023","Engenheiro de Dados/Arquiteto de Dados/Data Engineer/Data Architect","Sênior","Feminino","de R$ 16.001/mês a R$ 20.000/mês","5","1.54"
"2023","Engenheiro de Dados/Arquiteto de Dados/Data Engineer/Data Architect","Sênior","Feminino","de R$ 25.001/mês a R$ 30.000/mês","2","0.62"
"2023","Engenheiro de Dados/Arquiteto de Dados/Data Engineer/Data Architect","Sênior","Feminino","Acima de R$ 40.001/mês","1","0.31"
"2023","Engenheiro de Dados/Arquiteto de Dados/Data Engineer/Data Architect","Sênior","Feminino","de R$ 30.001/mês a R$ 40.000/mês","1","0.31"
"2023","Engenheiro de Dados/Arquiteto de Dados/Data Engineer/Data Architect","Sênior","Feminino","de R$ 6.001/mês a R$ 8.000/mês","1","0.31"
"2023","Engenheiro de Dados/Arquiteto de Dados/Data Engineer/Data Architect","Sênior","Feminino","de R$ 20.001/mês a R$ 25.000/mês","1","0.31"
"2023","Engenheiro de Dados/Arquiteto de Dados/Data Engineer/Data Architect","Sênior","Masculino","de R$ 12.001/mês a R$ 16.000/mês","94","28.92"
"2023","Engenheiro de Dados/Arquiteto de Dados/Data Engineer/Data Architect","Sênior","Masculino","de R$ 8.001/mês a R$ 12.000/mês","79","24.31"
"2023","Engenheiro de Dados/Arquiteto de Dados/Data Engineer/Data Architect","Sênior","Masculino","de R$ 16.001/mês a R$ 20.000/mês","38","11.69"
"2023","Engenheiro de Dados/Arquiteto de Dados/Data Engineer/Data Architect","Sênior","Masculino","de R$ 20.001/mês a R$ 25.000/mês","29","8.92"
"2023","Engenheiro de Dados/Arquiteto de Dados/Data Engineer/Data Architect","Sênior","Masculino","de R$ 25.001/mês a R$ 30.000/mês","14","4.31"
"2023","Engenheiro de Dados/Arquiteto de Dados/Data Engineer/Data Architect","Sênior","Masculino","de R$ 30.001/mês a R$ 40.000/mês","12","3.69"
"2023","Engenheiro de Dados/Arquiteto de Dados/Data Engineer/Data Architect","Sênior","Masculino","Acima de R$ 40.001/mês","9","2.77"
"2023","Engenheiro de Dados/Arquiteto de Dados/Data Engineer/Data Architect","Sênior","Masculino","de R$ 6.001/mês a R$ 8.000/mês","6","1.85"
"2023","Engenheiro de Dados/Arquiteto de Dados/Data Engineer/Data Architect","Sênior","Masculino","de R$ 4.001/mês a R$ 6.000/mês","2","0.62"
"2023","Engenheiro de Dados/Arquiteto de Dados/Data Engineer/Data Architect","Sênior","Masculino","de R$ 3.001/mês a R$ 4.000/mês","1","0.31"
"2023","Engenheiro de Machine Learning/ML Engineer/AI Engineer","Júnior","Feminino","de R$ 4.001/mês a R$ 6.000/mês","2","12.5"
"2023","Engenheiro de Machine Learning/ML Engineer/AI Engineer","Júnior","Masculino","de R$ 1.001/mês a R$ 2.000/mês","5","31.25"
"2023","Engenheiro de Machine Learning/ML Engineer/AI Engineer","Júnior","Masculino","de R$ 6.001/mês a R$ 8.000/mês","3","18.75"
"2023","Engenheiro de Machine Learning/ML Engineer/AI Engineer","Júnior","Masculino","de R$ 4.001/mês a R$ 6.000/mês","3","18.75"
"2023","Engenheiro de Machine Learning/ML Engineer/AI Engineer","Júnior","Masculino","de R$ 8.001/mês a R$ 12.000/mês","2","12.5"
"2023","Engenheiro de Machine Learning/ML Engineer/AI Engineer","Júnior","Masculino","Menos de R$ 1.000/mês","1","6.25"
"2023","Engenheiro de Machine Learning/ML Engineer/AI Engineer","Pleno","Feminino","de R$ 8.001/mês a R$ 12.000/mês","1","3.45"
"2023","Engenheiro de Machine Learning/ML Engineer/AI Engineer","Pleno","Feminino","de R$ 12.001/mês a R$ 16.000/mês","1","3.45"
"2023","Engenheiro de Machine Learning/ML Engineer/AI Engineer","Pleno","Feminino","de R$ 4.001/mês a R$ 6.000/mês","1","3.45"
"2023","Engenheiro de Machine Learning/ML Engineer/AI Engineer","Pleno","Feminino","de R$ 6.001/mês a R$ 8.000/mês","1","3.45"
"2023","Engenheiro de Machine Learning/ML Engineer/AI Engineer","Pleno","Masculino","de R$ 8.001/mês a R$ 12.000/mês","12","41.38"
"2023","Engenheiro de Machine Learning/ML Engineer/AI Engineer","Pleno","Masculino","de R$ 12.001/mês a R$ 16.000/mês","3","10.34"
"2023","Engenheiro de Machine Learning/ML Engineer/AI Engineer","Pleno","Masculino","de R$ 4.001/mês a R$ 6.000/mês","3","10.34"
"2023","Engenheiro de Machine Learning/ML Engineer/AI Engineer","Pleno","Masculino","de R$ 6.001/mês a R$ 8.000/mês","3","10.34"
"2023","Engenheiro de Machine Learning/ML Engineer/AI Engineer","Pleno","Masculino","de R$ 16.001/mês a R$ 20.000/mês","2","6.9"
"2023","Engenheiro de Machine Learning/ML Engineer/AI Engineer","Pleno","Masculino","de R$ 20.001/mês a R$ 25.000/mês","1","3.45"
"2023","Engenheiro de Machine Learning/ML Engineer/AI Engineer","Pleno","Masculino","de R$ 30.001/mês a R$ 40.000/mês","1","3.45"
"2023","Engenheiro de Machine Learning/ML Engineer/AI Engineer","Sênior","Feminino","de R$ 30.001/mês a R$ 40.000/mês","1","3.57"
"2023","Engenheiro de Machine Learning/ML Engineer/AI Engineer","Sênior","Feminino","de R$ 8.001/mês a R$ 12.000/mês","1","3.57"
"2023","Engenheiro de Machine Learning/ML Engineer/AI Engineer","Sênior","Feminino","de R$ 16.001/mês a R$ 20.000/mês","1","3.57"
"2023","Engenheiro de Machine Learning/ML Engineer/AI Engineer","Sênior","Masculino","de R$ 12.001/mês a R$ 16.000/mês","7","25.0"
"2023","Engenheiro de Machine Learning/ML Engineer/AI Engineer","Sênior","Masculino","de R$ 16.001/mês a R$ 20.000/mês","6","21.43"
"2023","Engenheiro de Machine Learning/ML Engineer/AI Engineer","Sênior","Masculino","de R$ 8.001/mês a R$ 12.000/mês","6","21.43"
"2023","Engenheiro de Machine Learning/ML Engineer/AI Engineer","Sênior","Masculino","de R$ 20.001/mês a R$ 25.000/mês","4","14.29"
"2023","Engenheiro de Machine Learning/ML Engineer/AI Engineer","Sênior","Masculino","de R$ 30.001/mês a R$ 40.000/mês","1","3.57"
"2023","Engenheiro de Machine Learning/ML Engineer/AI Engineer","Sênior","Masculino","Acima de R$ 40.001/mês","1","3.57"
"2023","Estatístico","Júnior","Feminino","de R$ 1.001/mês a R$ 2.000/mês","1","14.29"
"2023","Estatístico","Júnior","Masculino","de R$ 1.001/mês a R$ 2.000/mês","2","28.57"
"2023","Estatístico","Júnior","Masculino","de R$ 3.001/mês a R$ 4.000/mês","1","14.29"
"2023","Estatístico","Júnior","Masculino","Menos de R$ 1.000/mês","1","14.29"
"2023","Estatístico","Júnior","Masculino","de R$ 4.001/mês a R$ 6.000/mês","1","14.29"
"2023","Estatístico","Júnior","Masculino","de R$ 6.001/mês a R$ 8.000/mês","1","14.29"
"2023","Estatístico","Pleno","Feminino","de R$ 8.001/mês a R$ 12.000/mês","2","28.57"
"2023","Estatístico","Pleno","Feminino","de R$ 16.001/mês a R$ 20.000/mês","1","14.29"
"2023","Estatístico","Pleno","Feminino","de R$ 4.001/mês a R$ 6.000/mês","1","14.29"
"2023","Estatístico","Pleno","Masculino","de R$ 8.001/mês a R$ 12.000/mês","1","14.29"
"2023","Estatístico","Pleno","Masculino","de R$ 16.001/mês a R$ 20.000/mês","1","14.29"
"2023","Estatístico","Pleno","Masculino","de R$ 4.001/mês a R$ 6.000/mês","1","14.29"
"2023","Estatístico","Sênior","Feminino","de R$ 16.001/mês a R$ 20.000/mês","1","20.0"
"2023","Estatístico","Sênior","Masculino","de R$ 20.001/mês a R$ 25.000/mês","1","20.0"
"2023","Estatístico","Sênior","Masculino","de R$ 16.001/mês a R$ 20.000/mês","1","20.0"
"2023","Estatístico","Sênior","Masculino","de R$ 12.001/mês a R$ 16.000/mês","1","20.0"
"2023","Estatístico","Sênior","Masculino","de R$ 30.001/mês a R$ 40.000/mês","1","20.0"
"2023","Não informado","Não informado","Feminino","Não informado","182","12.74"
"2023","Não informado","Não informado","Feminino","de R$ 12.001/mês a R$ 16.000/mês","37","2.59"
"2023","Não informado","Não informado","Feminino","de R$ 16.001/mês a R$ 20.000/mês","31","2.17"
"2023","Não informado","Não informado","Feminino","de R$ 8.001/mês a R$ 12.000/mês","23","1.61"
"2023","Não informado","Não informado","Feminino","de R$ 6.001/mês a R$ 8.000/mês","19","1.33"
"2023","Não informado","Não informado","Feminino","de R$ 20.001/mês a R$ 25.000/mês","15","1.05"
"2023","Não informado","Não informado","Feminino","de R$ 4.001/mês a R$ 6.000/mês","11","0.77"
"2023","Não informado","Não informado","Feminino","de R$ 25.001/mês a R$ 30.000/mês","11","0.77"
"2023","Não informado","Não informado","Feminino","Acima de R$ 40.001/mês","7","0.49"
"2023","Não informado","Não informado","Feminino","de R$ 2.001/mês a R$ 3.000/mês","6","0.42"
"2023","Não informado","Não informado","Feminino","de R$ 3.001/mês a R$ 4.000/mês","4","0.28"
"2023","Não informado","Não informado","Feminino","Menos de R$ 1.000/mês","2","0.14"
"2023","Não informado","Não informado","Feminino","de R$ 30.001/mês a R$ 40.000/mês","2","0.14"
"2023","Não informado","Não informado","Masculino","Não informado","353","24.7"
"2023","Não informado","Não informado","Masculino","de R$ 16.001/mês a R$ 20.000/mês","135","9.45"
"2023","Não informado","Não informado","Masculino","de R$ 12.001/mês a R$ 16.000/mês","134","9.38"
"2023","Não informado","Não informado","Masculino","de R$ 8.001/mês a R$ 12.000/mês","103","7.21"
"2023","Não informado","Não informado","Masculino","de R$ 20.001/mês a R$ 25.000/mês","100","7.0"
"2023","Não informado","Não informado","Masculino","de R$ 25.001/mês a R$ 30.000/mês","70","4.9"
"2023","Não informado","Não informado","Masculino","de R$ 30.001/mês a R$ 40.000/mês","48","3.36"
"2023","Não informado","Não informado","Masculino","Acima de R$ 40.001/mês","37","2.59"
"2023","Não informado","Não informado","Masculino","de R$ 6.001/mês a R$ 8.000/mês","36","2.52"
"2023","Não informado","Não informado","Masculino","de R$ 4.001/mês a R$ 6.000/mês","31","2.17"
"2023","Não informado","Não informado","Masculino","de R$ 3.001/mês a R$ 4.000/mês","15","1.05"
"2023","Não informado","Não informado","Masculino","de R$ 2.001/mês a R$ 3.000/mês","9","0.63"
"2023","Não informado","Não informado","Masculino","de R$ 1.001/mês a R$ 2.000/mês","5","0.35"
"2023","Não informado","Não informado","Masculino","Menos de R$ 1.000/mês","3","0.21"
"2023","Outra Opção","Júnior","Feminino","de R$ 3.001/mês a R$ 4.000/mês","11","9.09"
"2023","Outra Opção","Júnior","Feminino","de R$ 2.001/mês a R$ 3.000/mês","8","6.61"
"2023","Outra Opção","Júnior","Feminino","de R$ 4.001/mês a R$ 6.000/mês","6","4.96"
"2023","Outra Opção","Júnior","Feminino","de R$ 1.001/mês a R$ 2.000/mês","5","4.13"
"2023","Outra Opção","Júnior","Feminino","de R$ 6.001/mês a R$ 8.000/mês","2","1.65"
"2023","Outra Opção","Júnior","Feminino","Menos de R$ 1.000/mês","2","1.65"
"2023","Outra Opção","Júnior","Feminino","de R$ 8.001/mês a R$ 12.000/mês","1","0.83"
"2023","Outra Opção","Júnior","Masculino","de R$ 2.001/mês a R$ 3.000/mês","25","20.66"
"2023","Outra Opção","Júnior","Masculino","de R$ 1.001/mês a R$ 2.000/mês","23","19.01"
"2023","Outra Opção","Júnior","Masculino","de R$ 4.001/mês a R$ 6.000/mês","13","10.74"
"2023","Outra Opção","Júnior","Masculino","de R$ 3.001/mês a R$ 4.000/mês","12","9.92"
"2023","Outra Opção","Júnior","Masculino","de R$ 8.001/mês a R$ 12.000/mês","4","3.31"
"2023","Outra Opção","Júnior","Masculino","Menos de R$ 1.000/mês","4","3.31"
"2023","Outra Opção","Júnior","Masculino","de R$ 12.001/mês a R$ 16.000/mês","2","1.65"
"2023","Outra Opção","Júnior","Masculino","de R$ 6.001/mês a R$ 8.000/mês","2","1.65"
"2023","Outra Opção","Júnior","Masculino","de R$ 16.001/mês a R$ 20.000/mês","1","0.83"
"2023","Outra Opção","Pleno","Feminino","de R$ 4.001/mês a R$ 6.000/mês","7","9.72"
"2023","Outra Opção","Pleno","Feminino","de R$ 3.001/mês a R$ 4.000/mês","6","8.33"
"2023","Outra Opção","Pleno","Feminino","de R$ 2.001/mês a R$ 3.000/mês","3","4.17"
"2023","Outra Opção","Pleno","Feminino","de R$ 6.001/mês a R$ 8.000/mês","3","4.17"
"2023","Outra Opção","Pleno","Feminino","de R$ 25.001/mês a R$ 30.000/mês","2","2.78"
"2023","Outra Opção","Pleno","Feminino","de R$ 1.001/mês a R$ 2.000/mês","2","2.78"
"2023","Outra Opção","Pleno","Feminino","de R$ 8.001/mês a R$ 12.000/mês","1","1.39"
"2023","Outra Opção","Pleno","Masculino","de R$ 4.001/mês a R$ 6.000/mês","12","16.67"
"2023","Outra Opção","Pleno","Masculino","de R$ 6.001/mês a R$ 8.000/mês","8","11.11"
"2023","Outra Opção","Pleno","Masculino","de R$ 3.001/mês a R$ 4.000/mês","8","11.11"
"2023","Outra Opção","Pleno","Masculino","de R$ 2.001/mês a R$ 3.000/mês","8","11.11"
"2023","Outra Opção","Pleno","Masculino","de R$ 8.001/mês a R$ 12.000/mês","6","8.33"
"2023","Outra Opção","Pleno","Masculino","de R$ 1.001/mês a R$ 2.000/mês","5","6.94"
"2023","Outra Opção","Pleno","Masculino","de R$ 12.001/mês a R$ 16.000/mês","1","1.39"
"2023","Outra Opção","Sênior","Feminino","de R$ 8.001/mês a R$ 12.000/mês","7","10.45"
"2023","Outra Opção","Sênior","Feminino","de R$ 12.001/mês a R$ 16.000/mês","7","10.45"
"2023","Outra Opção","Sênior","Feminino","de R$ 3.001/mês a R$ 4.000/mês","2","2.99"
"2023","Outra Opção","Sênior","Feminino","de R$ 6.001/mês a R$ 8.000/mês","1","1.49"
"2023","Outra Opção","Sênior","Feminino","de R$ 20.001/mês a R$ 25.000/mês","1","1.49"
"2023","Outra Opção","Sênior","Feminino","Acima de R$ 40.001/mês","1","1.49"
"2023","Outra Opção","Sênior","Feminino","de R$ 2.001/mês a R$ 3.000/mês","1","1.49"
"2023","Outra Opção","Sênior","Feminino","de R$ 16.001/mês a R$ 20.000/mês","1","1.49"
"2023","Outra Opção","Sênior","Feminino","de R$ 4.001/mês a R$ 6.000/mês","1","1.49"
"2023","Outra Opção","Sênior","Masculino","de R$ 12.001/mês a R$ 16.000/mês","13","19.4"
"2023","Outra Opção","Sênior","Masculino","de R$ 8.001/mês a R$ 12.000/mês","9","13.43"
"2023","Outra Opção","Sênior","Masculino","de R$ 2.001/mês a R$ 3.000/mês","6","8.96"
"2023","Outra Opção","Sênior","Masculino","de R$ 6.001/mês a R$ 8.000/mês","6","8.96"
"2023","Outra Opção","Sênior","Masculino","de R$ 4.001/mês a R$ 6.000/mês","4","5.97"
"2023","Outra Opção","Sênior","Masculino","Acima de R$ 40.001/mês","2","2.99"
"2023","Outra Opção","Sênior","Masculino","de R$ 25.001/mês a R$ 30.000/mês","2","2.99"
"2023","Outra Opção","Sênior","Masculino","de R$ 16.001/mês a R$ 20.000/mês","2","2.99"
"2023","Outra Opção","Sênior","Masculino","de R$ 20.001/mês a R$ 25.000/mês","1","1.49"
"2023","Outras Engenharias (não inclui dev)","Júnior","Feminino","de R$ 4.001/mês a R$ 6.000/mês","1","10.0"
"2023","Outras Engenharias (não inclui dev)","Júnior","Feminino","de R$ 1.001/mês a R$ 2.000/mês","1","10.0"
"2023","Outras Engenharias (não inclui dev)","Júnior","Masculino","de R$ 2.001/mês a R$ 3.000/mês","3","30.0"
"2023","Outras Engenharias (não inclui dev)","Júnior","Masculino","de R$ 8.001/mês a R$ 12.000/mês","3","30.0"
"2023","Outras Engenharias (não inclui dev)","Júnior","Masculino","de R$ 1.001/mês a R$ 2.000/mês","2","20.0"
"2023","Outras Engenharias (não inclui dev)","Pleno","Feminino","de R$ 4.001/mês a R$ 6.000/mês","1","11.11"
"2023","Outras Engenharias (não inclui dev)","Pleno","Feminino","Menos de R$ 1.000/mês","1","11.11"
"2023","Outras Engenharias (não inclui dev)","Pleno","Masculino","de R$ 6.001/mês a R$ 8.000/mês","4","44.44"
"2023","Outras Engenharias (não inclui dev)","Pleno","Masculino","de R$ 2.001/mês a R$ 3.000/mês","1","11.11"
"2023","Outras Engenharias (não inclui dev)","Pleno","Masculino","de R$ 8.001/mês a R$ 12.000/mês","1","11.11"
"2023","Outras Engenharias (não inclui dev)","Pleno","Masculino","de R$ 3.001/mês a R$ 4.000/mês","1","11.11"
"2023","Outras Engenharias (não inclui dev)","Sênior","Feminino","de R$ 8.001/mês a R$ 12.000/mês","2","16.67"
"2023","Outras Engenharias (não inclui dev)","Sênior","Feminino","de R$ 20.001/mês a R$ 25.000/mês","1","8.33"
"2023","Outras Engenharias (não inclui dev)","Sênior","Masculino","de R$ 8.001/mês a R$ 12.000/mês","2","16.67"
"2023","Outras Engenharias (não inclui dev)","Sênior","Masculino","de R$ 12.001/mês a R$ 16.000/mês","1","8.33"
"2023","Outras Engenharias (não inclui dev)","Sênior","Masculino","de R$ 4.001/mês a R$ 6.000/mês","1","8.33"
"2023","Outras Engenharias (não inclui dev)","Sênior","Masculino","de R$ 16.001/mês a R$ 20.000/mês","1","8.33"
"2023","Outras Engenharias (não inclui dev)","Sênior","Masculino","de R$ 3.001/mês a R$ 4.000/mês","1","8.33"
"2023","Outras Engenharias (não inclui dev)","Sênior","Masculino","de R$ 30.001/mês a R$ 40.000/mês","1","8.33"
"2023","Outras Engenharias (não inclui dev)","Sênior","Masculino","de R$ 20.001/mês a R$ 25.000/mês","1","8.33"
"2023","Outras Engenharias (não inclui dev)","Sênior","Masculino","de R$ 6.001/mês a R$ 8.000/mês","1","8.33"
"2023","Professor/Pesquisador","Júnior","Feminino","de R$ 1.001/mês a R$ 2.000/mês","2","33.33"
"2023","Professor/Pesquisador","Júnior","Masculino","de R$ 8.001/mês a R$ 12.000/mês","2","33.33"
"2023","Professor/Pesquisador","Júnior","Masculino","de R$ 1.001/mês a R$ 2.000/mês","1","16.67"
"2023","Professor/Pesquisador","Júnior","Masculino","de R$ 3.001/mês a R$ 4.000/mês","1","16.67"
"2023","Professor/Pesquisador","Pleno","Feminino","de R$ 1.001/mês a R$ 2.000/mês","1","11.11"
"2023","Professor/Pesquisador","Pleno","Masculino","de R$ 3.001/mês a R$ 4.000/mês","2","22.22"
"2023","Professor/Pesquisador","Pleno","Masculino","de R$ 4.001/mês a R$ 6.000/mês","2","22.22"
"2023","Professor/Pesquisador","Pleno","Masculino","de R$ 8.001/mês a R$ 12.000/mês","2","22.22"
"2023","Professor/Pesquisador","Pleno","Masculino","de R$ 6.001/mês a R$ 8.000/mês","1","11.11"
"2023","Professor/Pesquisador","Pleno","Masculino","Menos de R$ 1.000/mês","1","11.11"
"2023","Professor/Pesquisador","Sênior","Feminino","de R$ 8.001/mês a R$ 12.000/mês","1","7.69"
"2023","Professor/Pesquisador","Sênior","Feminino","de R$ 4.001/mês a R$ 6.000/mês","1","7.69"
"2023","Professor/Pesquisador","Sênior","Masculino","de R$ 12.001/mês a R$ 16.000/mês","4","30.77"
"2023","Professor/Pesquisador","Sênior","Masculino","de R$ 20.001/mês a R$ 25.000/mês","3","23.08"
"2023","Professor/Pesquisador","Sênior","Masculino","de R$ 4.001/mês a R$ 6.000/mês","1","7.69"
"2023","Professor/Pesquisador","Sênior","Masculino","de R$ 30.001/mês a R$ 40.000/mês","1","7.69"
"2023","Professor/Pesquisador","Sênior","Masculino","Acima de R$ 40.001/mês","1","7.69"
"2023","Professor/Pesquisador","Sênior","Masculino","de R$ 8.001/mês a R$ 12.000/mês","1","7.69"
"2024","Analista de BI/BI Analyst","Júnior","Feminino","de R$ 2.001/mês a R$ 3.000/mês","10","8.0"
"2024","Analista de BI/BI Analyst","Júnior","Feminino","de R$ 4.001/mês a R$ 6.000/mês","9","7.2"
"2024","Analista de BI/BI Analyst","Júnior","Feminino","de R$ 1.001/mês a R$ 2.000/mês","7","5.6"
"2024","Analista de BI/BI Analyst","Júnior","Feminino","de R$ 3.001/mês a R$ 4.000/mês","6","4.8"
"2024","Analista de BI/BI Analyst","Júnior","Feminino","Menos de R$ 1.000/mês","2","1.6"
"2024","Analista de BI/BI Analyst","Júnior","Feminino","de R$ 6.001/mês a R$ 8.000/mês","2","1.6"
"2024","Analista de BI/BI Analyst","Júnior","Masculino","de R$ 3.001/mês a R$ 4.000/mês","22","17.6"
"2024","Analista de BI/BI Analyst","Júnior","Masculino","de R$ 2.001/mês a R$ 3.000/mês","18","14.4"
"2024","Analista de BI/BI Analyst","Júnior","Masculino","de R$ 4.001/mês a R$ 6.000/mês","18","14.4"
"2024","Analista de BI/BI Analyst","Júnior","Masculino","de R$ 1.001/mês a R$ 2.000/mês","16","12.8"
"2024","Analista de BI/BI Analyst","Júnior","Masculino","de R$ 6.001/mês a R$ 8.000/mês","9","7.2"
"2024","Analista de BI/BI Analyst","Júnior","Masculino","Menos de R$ 1.000/mês","4","3.2"
"2024","Analista de BI/BI Analyst","Júnior","Masculino","de R$ 8.001/mês a R$ 12.000/mês","2","1.6"
"2024","Analista de BI/BI Analyst","Pleno","Feminino","de R$ 6.001/mês a R$ 8.000/mês","12","7.14"
"2024","Analista de BI/BI Analyst","Pleno","Feminino","de R$ 4.001/mês a R$ 6.000/mês","11","6.55"
"2024","Analista de BI/BI Analyst","Pleno","Feminino","de R$ 8.001/mês a R$ 12.000/mês","5","2.98"
"2024","Analista de BI/BI Analyst","Pleno","Feminino","de R$ 3.001/mês a R$ 4.000/mês","3","1.79"
"2024","Analista de BI/BI Analyst","Pleno","Feminino","de R$ 12.001/mês a R$ 16.000/mês","2","1.19"
"2024","Analista de BI/BI Analyst","Pleno","Feminino","de R$ 2.001/mês a R$ 3.000/mês","1","0.6"
"2024","Analista de BI/BI Analyst","Pleno","Masculino","de R$ 4.001/mês a R$ 6.000/mês","54","32.14"
"2024","Analista de BI/BI Analyst","Pleno","Masculino","de R$ 6.001/mês a R$ 8.000/mês","31","18.45"
"2024","Analista de BI/BI Analyst","Pleno","Masculino","de R$ 8.001/mês a R$ 12.000/mês","25","14.88"
"2024","Analista de BI/BI Analyst","Pleno","Masculino","de R$ 3.001/mês a R$ 4.000/mês","17","10.12"
"2024","Analista de BI/BI Analyst","Pleno","Masculino","de R$ 12.001/mês a R$ 16.000/mês","3","1.79"
"2024","Analista de BI/BI Analyst","Pleno","Masculino","de R$ 2.001/mês a R$ 3.000/mês","2","1.19"
"2024","Analista de BI/BI Analyst","Pleno","Masculino","de R$ 16.001/mês a R$ 20.000/mês","1","0.6"
"2024","Analista de BI/BI Analyst","Pleno","Masculino","Menos de R$ 1.000/mês","1","0.6"
"2024","Analista de BI/BI Analyst","Sênior","Feminino","de R$ 8.001/mês a R$ 12.000/mês","11","10.78"
"2024","Analista de BI/BI Analyst","Sênior","Feminino","de R$ 6.001/mês a R$ 8.000/mês","5","4.9"
"2024","Analista de BI/BI Analyst","Sênior","Feminino","de R$ 12.001/mês a R$ 16.000/mês","5","4.9"
"2024","Analista de BI/BI Analyst","Sênior","Feminino","de R$ 4.001/mês a R$ 6.000/mês","2","1.96"
"2024","Analista de BI/BI Analyst","Sênior","Feminino","de R$ 3.001/mês a R$ 4.000/mês","1","0.98"
"2024","Analista de BI/BI Analyst","Sênior","Masculino","de R$ 8.001/mês a R$ 12.000/mês","39","38.24"
"2024","Analista de BI/BI Analyst","Sênior","Masculino","de R$ 6.001/mês a R$ 8.000/mês","11","10.78"
"2024","Analista de BI/BI Analyst","Sênior","Masculino","de R$ 12.001/mês a R$ 16.000/mês","11","10.78"
"2024","Analista de BI/BI Analyst","Sênior","Masculino","de R$ 4.001/mês a R$ 6.000/mês","9","8.82"
"2024","Analista de BI/BI Analyst","Sênior","Masculino","de R$ 16.001/mês a R$ 20.000/mês","6","5.88"
"2024","Analista de BI/BI Analyst","Sênior","Masculino","de R$ 20.001/mês a R$ 25.000/mês","2","1.96"
"2024","Analista de Dados/Data Analyst","Júnior","Feminino","de R$ 4.001/mês a R$ 6.000/mês","29","11.89"
"2024","Analista de Dados/Data Analyst","Júnior","Feminino","de R$ 2.001/mês a R$ 3.000/mês","14","5.74"
"2024","Analista de Dados/Data Analyst","Júnior","Feminino","de R$ 3.001/mês a R$ 4.000/mês","13","5.33"
"2024","Analista de Dados/Data Analyst","Júnior","Feminino","de R$ 1.001/mês a R$ 2.000/mês","11","4.51"
"2024","Analista de Dados/Data Analyst","Júnior","Feminino","de R$ 6.001/mês a R$ 8.000/mês","6","2.46"
"2024","Analista de Dados/Data Analyst","Júnior","Feminino","de R$ 8.001/mês a R$ 12.000/mês","2","0.82"
"2024","Analista de Dados/Data Analyst","Júnior","Feminino","de R$ 12.001/mês a R$ 16.000/mês","1","0.41"
"2024","Analista de Dados/Data Analyst","Júnior","Feminino","de R$ 30.001/mês a R$ 40.000/mês","1","0.41"
"2024","Analista de Dados/Data Analyst","Júnior","Masculino","de R$ 4.001/mês a R$ 6.000/mês","48","19.67"
"2024","Analista de Dados/Data Analyst","Júnior","Masculino","de R$ 3.001/mês a R$ 4.000/mês","42","17.21"
"2024","Analista de Dados/Data Analyst","Júnior","Masculino","de R$ 2.001/mês a R$ 3.000/mês","34","13.93"
"2024","Analista de Dados/Data Analyst","Júnior","Masculino","de R$ 1.001/mês a R$ 2.000/mês","23","9.43"
"2024","Analista de Dados/Data Analyst","Júnior","Masculino","de R$ 6.001/mês a R$ 8.000/mês","14","5.74"
"2024","Analista de Dados/Data Analyst","Júnior","Masculino","de R$ 8.001/mês a R$ 12.000/mês","3","1.23"
"2024","Analista de Dados/Data Analyst","Júnior","Masculino","Menos de R$ 1.000/mês","3","1.23"
"2024","Analista de Dados/Data Analyst","Pleno","Feminino","de R$ 6.001/mês a R$ 8.000/mês","47","12.02"
"2024","Analista de Dados/Data Analyst","Pleno","Feminino","de R$ 8.001/mês a R$ 12.000/mês","32","8.18"
"2024","Analista de Dados/Data Analyst","Pleno","Feminino","de R$ 4.001/mês a R$ 6.000/mês","30","7.67"
"2024","Analista de Dados/Data Analyst","Pleno","Feminino","de R$ 3.001/mês a R$ 4.000/mês","7","1.79"
"2024","Analista de Dados/Data Analyst","Pleno","Feminino","de R$ 2.001/mês a R$ 3.000/mês","3","0.77"
"2024","Analista de Dados/Data Analyst","Pleno","Feminino","de R$ 12.001/mês a R$ 16.000/mês","2","0.51"
"2024","Analista de Dados/Data Analyst","Pleno","Feminino","de R$ 1.001/mês a R$ 2.000/mês","1","0.26"
"2024","Analista de Dados/Data Analyst","Pleno","Masculino","de R$ 6.001/mês a R$ 8.000/mês","93","23.79"
"2024","Analista de Dados/Data Analyst","Pleno","Masculino","de R$ 4.001/mês a R$ 6.000/mês","82","20.97"
"2024","Analista de Dados/Data Analyst","Pleno","Masculino","de R$ 8.001/mês a R$ 12.000/mês","51","13.04"
"2024","Analista de Dados/Data Analyst","Pleno","Masculino","de R$ 3.001/mês a R$ 4.000/mês","17","4.35"
"2024","Analista de Dados/Data Analyst","Pleno","Masculino","de R$ 2.001/mês a R$ 3.000/mês","10","2.56"
"2024","Analista de Dados/Data Analyst","Pleno","Masculino","de R$ 12.001/mês a R$ 16.000/mês","7","1.79"
"2024","Analista de Dados/Data Analyst","Pleno","Masculino","de R$ 20.001/mês a R$ 25.000/mês","5","1.28"
"2024","Analista de Dados/Data Analyst","Pleno","Masculino","de R$ 16.001/mês a R$ 20.000/mês","2","0.51"
"2024","Analista de Dados/Data Analyst","Pleno","Masculino","de R$ 30.001/mês a R$ 40.000/mês","1","0.26"
"2024","Analista de Dados/Data Analyst","Pleno","Masculino","de R$ 1.001/mês a R$ 2.000/mês","1","0.26"
"2024","Analista de Dados/Data Analyst","Sênior","Feminino","de R$ 8.001/mês a R$ 12.000/mês","41","12.77"
"2024","Analista de Dados/Data Analyst","Sênior","Feminino","de R$ 12.001/mês a R$ 16.000/mês","23","7.17"
"2024","Analista de Dados/Data Analyst","Sênior","Feminino","de R$ 6.001/mês a R$ 8.000/mês","9","2.8"
"2024","Analista de Dados/Data Analyst","Sênior","Feminino","de R$ 16.001/mês a R$ 20.000/mês","8","2.49"
"2024","Analista de Dados/Data Analyst","Sênior","Feminino","de R$ 3.001/mês a R$ 4.000/mês","2","0.62"
"2024","Analista de Dados/Data Analyst","Sênior","Feminino","de R$ 4.001/mês a R$ 6.000/mês","2","0.62"
"2024","Analista de Dados/Data Analyst","Sênior","Feminino","de R$ 30.001/mês a R$ 40.000/mês","1","0.31"
"2024","Analista de Dados/Data Analyst","Sênior","Feminino","Acima de R$ 40.001/mês","1","0.31"
"2024","Analista de Dados/Data Analyst","Sênior","Masculino","de R$ 8.001/mês a R$ 12.000/mês","99","30.84"
"2024","Analista de Dados/Data Analyst","Sênior","Masculino","de R$ 12.001/mês a R$ 16.000/mês","59","18.38"
"2024","Analista de Dados/Data Analyst","Sênior","Masculino","de R$ 6.001/mês a R$ 8.000/mês","35","10.9"
"2024","Analista de Dados/Data Analyst","Sênior","Masculino","de R$ 16.001/mês a R$ 20.000/mês","17","5.3"
"2024","Analista de Dados/Data Analyst","Sênior","Masculino","de R$ 4.001/mês a R$ 6.000/mês","9","2.8"
"2024","Analista de Dados/Data Analyst","Sênior","Masculino","de R$ 30.001/mês a R$ 40.000/mês","5","1.56"
"2024","Analista de Dados/Data Analyst","Sênior","Masculino","de R$ 20.001/mês a R$ 25.000/mês","4","1.25"
"2024","Analista de Dados/Data Analyst","Sênior","Masculino","de R$ 25.001/mês a R$ 30.000/mês","4","1.25"
"2024","Analista de Dados/Data Analyst","Sênior","Masculino","Acima de R$ 40.001/mês","1","0.31"
"2024","Analista de Dados/Data Analyst","Sênior","Masculino","de R$ 3.001/mês a R$ 4.000/mês","1","0.31"
"2024","Analista de Negócios/Business Analyst","Júnior","Feminino","de R$ 1.001/mês a R$ 2.000/mês","3","8.57"
"2024","Analista de Negócios/Business Analyst","Júnior","Feminino","de R$ 3.001/mês a R$ 4.000/mês","3","8.57"
"2024","Analista de Negócios/Business Analyst","Júnior","Feminino","de R$ 4.001/mês a R$ 6.000/mês","3","8.57"
"2024","Analista de Negócios/Business Analyst","Júnior","Masculino","de R$ 4.001/mês a R$ 6.000/mês","15","42.86"
"2024","Analista de Negócios/Business Analyst","Júnior","Masculino","de R$ 2.001/mês a R$ 3.000/mês","4","11.43"
"2024","Analista de Negócios/Business Analyst","Júnior","Masculino","de R$ 3.001/mês a R$ 4.000/mês","4","11.43"
"2024","Analista de Negócios/Business Analyst","Júnior","Masculino","de R$ 6.001/mês a R$ 8.000/mês","1","2.86"
"2024","Analista de Negócios/Business Analyst","Júnior","Masculino","de R$ 12.001/mês a R$ 16.000/mês","1","2.86"
"2024","Analista de Negócios/Business Analyst","Júnior","Masculino","de R$ 8.001/mês a R$ 12.000/mês","1","2.86"
"2024","Analista de Negócios/Business Analyst","Pleno","Feminino","de R$ 4.001/mês a R$ 6.000/mês","10","15.15"
"2024","Analista de Negócios/Business Analyst","Pleno","Feminino","de R$ 6.001/mês a R$ 8.000/mês","6","9.09"
"2024","Analista de Negócios/Business Analyst","Pleno","Feminino","de R$ 8.001/mês a R$ 12.000/mês","6","9.09"
"2024","Analista de Negócios/Business Analyst","Pleno","Feminino","de R$ 12.001/mês a R$ 16.000/mês","1","1.52"
"2024","Analista de Negócios/Business Analyst","Pleno","Feminino","de R$ 3.001/mês a R$ 4.000/mês","1","1.52"
"2024","Analista de Negócios/Business Analyst","Pleno","Masculino","de R$ 6.001/mês a R$ 8.000/mês","12","18.18"
"2024","Analista de Negócios/Business Analyst","Pleno","Masculino","de R$ 8.001/mês a R$ 12.000/mês","9","13.64"
"2024","Analista de Negócios/Business Analyst","Pleno","Masculino","de R$ 4.001/mês a R$ 6.000/mês","9","13.64"
"2024","Analista de Negócios/Business Analyst","Pleno","Masculino","de R$ 3.001/mês a R$ 4.000/mês","5","7.58"
"2024","Analista de Negócios/Business Analyst","Pleno","Masculino","de R$ 12.001/mês a R$ 16.000/mês","4","6.06"
"2024","Analista de Negócios/Business Analyst","Pleno","Masculino","de R$ 2.001/mês a R$ 3.000/mês","1","1.52"
"2024","Analista de Negócios/Business Analyst","Pleno","Masculino","de R$ 16.001/mês a R$ 20.000/mês","1","1.52"
"2024","Analista de Negócios/Business Analyst","Pleno","Masculino","de R$ 1.001/mês a R$ 2.000/mês","1","1.52"
"2024","Analista de Negócios/Business Analyst","Sênior","Feminino","de R$ 8.001/mês a R$ 12.000/mês","16","19.75"
"2024","Analista de Negócios/Business Analyst","Sênior","Feminino","de R$ 6.001/mês a R$ 8.000/mês","5","6.17"
"2024","Analista de Negócios/Business Analyst","Sênior","Feminino","de R$ 12.001/mês a R$ 16.000/mês","3","3.7"
"2024","Analista de Negócios/Business Analyst","Sênior","Feminino","de R$ 16.001/mês a R$ 20.000/mês","2","2.47"
"2024","Analista de Negócios/Business Analyst","Sênior","Feminino","de R$ 30.001/mês a R$ 40.000/mês","1","1.23"
"2024","Analista de Negócios/Business Analyst","Sênior","Feminino","de R$ 4.001/mês a R$ 6.000/mês","1","1.23"
"2024","Analista de Negócios/Business Analyst","Sênior","Masculino","de R$ 8.001/mês a R$ 12.000/mês","23","28.4"
"2024","Analista de Negócios/Business Analyst","Sênior","Masculino","de R$ 12.001/mês a R$ 16.000/mês","9","11.11"
"2024","Analista de Negócios/Business Analyst","Sênior","Masculino","de R$ 16.001/mês a R$ 20.000/mês","9","11.11"
"2024","Analista de Negócios/Business Analyst","Sênior","Masculino","de R$ 6.001/mês a R$ 8.000/mês","7","8.64"
"2024","Analista de Negócios/Business Analyst","Sênior","Masculino","de R$ 25.001/mês a R$ 30.000/mês","2","2.47"
"2024","Analista de Negócios/Business Analyst","Sênior","Masculino","de R$ 4.001/mês a R$ 6.000/mês","2","2.47"
"2024","Analista de Negócios/Business Analyst","Sênior","Masculino","de R$ 20.001/mês a R$ 25.000/mês","1","1.23"
"2024","Analista de Suporte/Analista Técnico","Júnior","Feminino","de R$ 1.001/mês a R$ 2.000/mês","2","7.14"
"2024","Analista de Suporte/Analista Técnico","Júnior","Feminino","de R$ 4.001/mês a R$ 6.000/mês","2","7.14"
"2024","Analista de Suporte/Analista Técnico","Júnior","Feminino","de R$ 6.001/mês a R$ 8.000/mês","1","3.57"
"2024","Analista de Suporte/Analista Técnico","Júnior","Feminino","de R$ 3.001/mês a R$ 4.000/mês","1","3.57"
"2024","Analista de Suporte/Analista Técnico","Júnior","Masculino","de R$ 2.001/mês a R$ 3.000/mês","13","46.43"
"2024","Analista de Suporte/Analista Técnico","Júnior","Masculino","de R$ 4.001/mês a R$ 6.000/mês","3","10.71"
"2024","Analista de Suporte/Analista Técnico","Júnior","Masculino","de R$ 1.001/mês a R$ 2.000/mês","2","7.14"
"2024","Analista de Suporte/Analista Técnico","Júnior","Masculino","Menos de R$ 1.000/mês","2","7.14"
"2024","Analista de Suporte/Analista Técnico","Júnior","Masculino","de R$ 8.001/mês a R$ 12.000/mês","1","3.57"
"2024","Analista de Suporte/Analista Técnico","Júnior","Masculino","de R$ 3.001/mês a R$ 4.000/mês","1","3.57"
"2024","Analista de Suporte/Analista Técnico","Pleno","Feminino","de R$ 4.001/mês a R$ 6.000/mês","4","13.33"
"2024","Analista de Suporte/Analista Técnico","Pleno","Feminino","de R$ 3.001/mês a R$ 4.000/mês","3","10.0"
"2024","Analista de Suporte/Analista Técnico","Pleno","Masculino","de R$ 4.001/mês a R$ 6.000/mês","7","23.33"
"2024","Analista de Suporte/Analista Técnico","Pleno","Masculino","de R$ 2.001/mês a R$ 3.000/mês","7","23.33"
"2024","Analista de Suporte/Analista Técnico","Pleno","Masculino","de R$ 3.001/mês a R$ 4.000/mês","5","16.67"
"2024","Analista de Suporte/Analista Técnico","Pleno","Masculino","de R$ 6.001/mês a R$ 8.000/mês","2","6.67"
"2024","Analista de Suporte/Analista Técnico","Pleno","Masculino","de R$ 1.001/mês a R$ 2.000/mês","1","3.33"
"2024","Analista de Suporte/Analista Técnico","Pleno","Masculino","de R$ 8.001/mês a R$ 12.000/mês","1","3.33"
"2024","Analista de Suporte/Analista Técnico","Sênior","Feminino","de R$ 4.001/mês a R$ 6.000/mês","2","10.53"
"2024","Analista de Suporte/Analista Técnico","Sênior","Feminino","de R$ 8.001/mês a R$ 12.000/mês","1","5.26"
"2024","Analista de Suporte/Analista Técnico","Sênior","Feminino","de R$ 6.001/mês a R$ 8.000/mês","1","5.26"
"2024","Analista de Suporte/Analista Técnico","Sênior","Feminino","de R$ 2.001/mês a R$ 3.000/mês","1","5.26"
"2024","Analista de Suporte/Analista Técnico","Sênior","Masculino","de R$ 2.001/mês a R$ 3.000/mês","3","15.79"
"2024","Analista de Suporte/Analista Técnico","Sênior","Masculino","de R$ 16.001/mês a R$ 20.000/mês","2","10.53"
"2024","Analista de Suporte/Analista Técnico","Sênior","Masculino","de R$ 4.001/mês a R$ 6.000/mês","2","10.53"
"2024","Analista de Suporte/Analista Técnico","Sênior","Masculino","de R$ 6.001/mês a R$ 8.000/mês","2","10.53"
"2024","Analista de Suporte/Analista Técnico","Sênior","Masculino","de R$ 8.001/mês a R$ 12.000/mês","2","10.53"
"2024","Analista de Suporte/Analista Técnico","Sênior","Masculino","de R$ 25.001/mês a R$ 30.000/mês","1","5.26"
"2024","Analista de Suporte/Analista Técnico","Sênior","Masculino","de R$ 3.001/mês a R$ 4.000/mês","1","5.26"
"2024","Analista de Suporte/Analista Técnico","Sênior","Masculino","de R$ 12.001/mês a R$ 16.000/mês","1","5.26"
"2024","Analytics Engineer","Júnior","Feminino","de R$ 6.001/mês a R$ 8.000/mês","4","13.79"
"2024","Analytics Engineer","Júnior","Feminino","de R$ 2.001/mês a R$ 3.000/mês","3","10.34"
"2024","Analytics Engineer","Júnior","Feminino","de R$ 1.001/mês a R$ 2.000/mês","1","3.45"
"2024","Analytics Engineer","Júnior","Feminino","de R$ 4.001/mês a R$ 6.000/mês","1","3.45"
"2024","Analytics Engineer","Júnior","Masculino","de R$ 2.001/mês a R$ 3.000/mês","6","20.69"
"2024","Analytics Engineer","Júnior","Masculino","de R$ 4.001/mês a R$ 6.000/mês","6","20.69"
"2024","Analytics Engineer","Júnior","Masculino","de R$ 3.001/mês a R$ 4.000/mês","3","10.34"
"2024","Analytics Engineer","Júnior","Masculino","de R$ 1.001/mês a R$ 2.000/mês","2","6.9"
"2024","Analytics Engineer","Júnior","Masculino","de R$ 16.001/mês a R$ 20.000/mês","1","3.45"
"2024","Analytics Engineer","Júnior","Masculino","de R$ 8.001/mês a R$ 12.000/mês","1","3.45"
"2024","Analytics Engineer","Júnior","Masculino","de R$ 6.001/mês a R$ 8.000/mês","1","3.45"
"2024","Analytics Engineer","Pleno","Feminino","de R$ 6.001/mês a R$ 8.000/mês","8","9.76"
"2024","Analytics Engineer","Pleno","Feminino","de R$ 8.001/mês a R$ 12.000/mês","6","7.32"
"2024","Analytics Engineer","Pleno","Feminino","de R$ 4.001/mês a R$ 6.000/mês","4","4.88"
"2024","Analytics Engineer","Pleno","Feminino","de R$ 20.001/mês a R$ 25.000/mês","1","1.22"
"2024","Analytics Engineer","Pleno","Feminino","de R$ 3.001/mês a R$ 4.000/mês","1","1.22"
"2024","Analytics Engineer","Pleno","Feminino","de R$ 30.001/mês a R$ 40.000/mês","1","1.22"
"2024","Analytics Engineer","Pleno","Feminino","de R$ 16.001/mês a R$ 20.000/mês","1","1.22"
"2024","Analytics Engineer","Pleno","Masculino","de R$ 6.001/mês a R$ 8.000/mês","25","30.49"
"2024","Analytics Engineer","Pleno","Masculino","de R$ 8.001/mês a R$ 12.000/mês","14","17.07"
"2024","Analytics Engineer","Pleno","Masculino","de R$ 4.001/mês a R$ 6.000/mês","13","15.85"
"2024","Analytics Engineer","Pleno","Masculino","de R$ 12.001/mês a R$ 16.000/mês","4","4.88"
"2024","Analytics Engineer","Pleno","Masculino","de R$ 16.001/mês a R$ 20.000/mês","2","2.44"
"2024","Analytics Engineer","Pleno","Masculino","de R$ 3.001/mês a R$ 4.000/mês","2","2.44"
"2024","Analytics Engineer","Sênior","Feminino","de R$ 12.001/mês a R$ 16.000/mês","10","8.77"
"2024","Analytics Engineer","Sênior","Feminino","de R$ 8.001/mês a R$ 12.000/mês","9","7.89"
"2024","Analytics Engineer","Sênior","Feminino","de R$ 16.001/mês a R$ 20.000/mês","7","6.14"
"2024","Analytics Engineer","Sênior","Feminino","de R$ 6.001/mês a R$ 8.000/mês","3","2.63"
"2024","Analytics Engineer","Sênior","Feminino","de R$ 30.001/mês a R$ 40.000/mês","1","0.88"
"2024","Analytics Engineer","Sênior","Feminino","de R$ 20.001/mês a R$ 25.000/mês","1","0.88"
"2024","Analytics Engineer","Sênior","Masculino","de R$ 12.001/mês a R$ 16.000/mês","29","25.44"
"2024","Analytics Engineer","Sênior","Masculino","de R$ 8.001/mês a R$ 12.000/mês","27","23.68"
"2024","Analytics Engineer","Sênior","Masculino","de R$ 16.001/mês a R$ 20.000/mês","17","14.91"
"2024","Analytics Engineer","Sênior","Masculino","de R$ 25.001/mês a R$ 30.000/mês","3","2.63"
"2024","Analytics Engineer","Sênior","Masculino","de R$ 20.001/mês a R$ 25.000/mês","2","1.75"
"2024","Analytics Engineer","Sênior","Masculino","de R$ 30.001/mês a R$ 40.000/mês","2","1.75"
"2024","Analytics Engineer","Sênior","Masculino","de R$ 6.001/mês a R$ 8.000/mês","2","1.75"
"2024","Analytics Engineer","Sênior","Masculino","de R$ 4.001/mês a R$ 6.000/mês","1","0.88"
"2024","Arquiteto de Dados/Data Architect","Júnior","Masculino","de R$ 4.001/mês a R$ 6.000/mês","1","100.0"
"2024","Arquiteto de Dados/Data Architect","Pleno","Feminino","de R$ 6.001/mês a R$ 8.000/mês","2","20.0"
"2024","Arquiteto de Dados/Data Architect","Pleno","Masculino","de R$ 8.001/mês a R$ 12.000/mês","3","30.0"
"2024","Arquiteto de Dados/Data Architect","Pleno","Masculino","de R$ 12.001/mês a R$ 16.000/mês","2","20.0"
"2024","Arquiteto de Dados/Data Architect","Pleno","Masculino","de R$ 16.001/mês a R$ 20.000/mês","1","10.0"
"2024","Arquiteto de Dados/Data Architect","Pleno","Masculino","de R$ 6.001/mês a R$ 8.000/mês","1","10.0"
"2024","Arquiteto de Dados/Data Architect","Pleno","Masculino","de R$ 4.001/mês a R$ 6.000/mês","1","10.0"
"2024","Arquiteto de Dados/Data Architect","Sênior","Feminino","de R$ 12.001/mês a R$ 16.000/mês","4","10.81"
"2024","Arquiteto de Dados/Data Architect","Sênior","Feminino","de R$ 16.001/mês a R$ 20.000/mês","1","2.7"
"2024","Arquiteto de Dados/Data Architect","Sênior","Masculino","de R$ 12.001/mês a R$ 16.000/mês","15","40.54"
"2024","Arquiteto de Dados/Data Architect","Sênior","Masculino","de R$ 16.001/mês a R$ 20.000/mês","7","18.92"
"2024","Arquiteto de Dados/Data Architect","Sênior","Masculino","de R$ 25.001/mês a R$ 30.000/mês","4","10.81"
"2024","Arquiteto de Dados/Data Architect","Sênior","Masculino","de R$ 8.001/mês a R$ 12.000/mês","2","5.41"
"2024","Arquiteto de Dados/Data Architect","Sênior","Masculino","de R$ 30.001/mês a R$ 40.000/mês","2","5.41"
"2024","Arquiteto de Dados/Data Architect","Sênior","Masculino","de R$ 20.001/mês a R$ 25.000/mês","2","5.41"
"2024","Cientista de Dados/Data Scientist","Júnior","Feminino","de R$ 6.001/mês a R$ 8.000/mês","8","6.78"
"2024","Cientista de Dados/Data Scientist","Júnior","Feminino","de R$ 4.001/mês a R$ 6.000/mês","8","6.78"
"2024","Cientista de Dados/Data Scientist","Júnior","Feminino","de R$ 1.001/mês a R$ 2.000/mês","5","4.24"
"2024","Cientista de Dados/Data Scientist","Júnior","Feminino","de R$ 8.001/mês a R$ 12.000/mês","3","2.54"
"2024","Cientista de Dados/Data Scientist","Júnior","Feminino","de R$ 2.001/mês a R$ 3.000/mês","2","1.69"
"2024","Cientista de Dados/Data Scientist","Júnior","Feminino","de R$ 16.001/mês a R$ 20.000/mês","1","0.85"
"2024","Cientista de Dados/Data Scientist","Júnior","Masculino","de R$ 4.001/mês a R$ 6.000/mês","25","21.19"
"2024","Cientista de Dados/Data Scientist","Júnior","Masculino","de R$ 3.001/mês a R$ 4.000/mês","17","14.41"
"2024","Cientista de Dados/Data Scientist","Júnior","Masculino","de R$ 6.001/mês a R$ 8.000/mês","15","12.71"
"2024","Cientista de Dados/Data Scientist","Júnior","Masculino","de R$ 2.001/mês a R$ 3.000/mês","14","11.86"
"2024","Cientista de Dados/Data Scientist","Júnior","Masculino","de R$ 1.001/mês a R$ 2.000/mês","9","7.63"
"2024","Cientista de Dados/Data Scientist","Júnior","Masculino","de R$ 8.001/mês a R$ 12.000/mês","9","7.63"
"2024","Cientista de Dados/Data Scientist","Júnior","Masculino","de R$ 20.001/mês a R$ 25.000/mês","1","0.85"
"2024","Cientista de Dados/Data Scientist","Júnior","Masculino","Menos de R$ 1.000/mês","1","0.85"
"2024","Cientista de Dados/Data Scientist","Pleno","Feminino","de R$ 8.001/mês a R$ 12.000/mês","37","16.16"
"2024","Cientista de Dados/Data Scientist","Pleno","Feminino","de R$ 6.001/mês a R$ 8.000/mês","16","6.99"
"2024","Cientista de Dados/Data Scientist","Pleno","Feminino","de R$ 12.001/mês a R$ 16.000/mês","6","2.62"
"2024","Cientista de Dados/Data Scientist","Pleno","Feminino","de R$ 16.001/mês a R$ 20.000/mês","2","0.87"
"2024","Cientista de Dados/Data Scientist","Pleno","Feminino","de R$ 4.001/mês a R$ 6.000/mês","2","0.87"
"2024","Cientista de Dados/Data Scientist","Pleno","Feminino","de R$ 3.001/mês a R$ 4.000/mês","2","0.87"
"2024","Cientista de Dados/Data Scientist","Pleno","Masculino","de R$ 8.001/mês a R$ 12.000/mês","77","33.62"
"2024","Cientista de Dados/Data Scientist","Pleno","Masculino","de R$ 6.001/mês a R$ 8.000/mês","42","18.34"
"2024","Cientista de Dados/Data Scientist","Pleno","Masculino","de R$ 4.001/mês a R$ 6.000/mês","22","9.61"
"2024","Cientista de Dados/Data Scientist","Pleno","Masculino","de R$ 12.001/mês a R$ 16.000/mês","15","6.55"
"2024","Cientista de Dados/Data Scientist","Pleno","Masculino","de R$ 16.001/mês a R$ 20.000/mês","4","1.75"
"2024","Cientista de Dados/Data Scientist","Pleno","Masculino","de R$ 1.001/mês a R$ 2.000/mês","1","0.44"
"2024","Cientista de Dados/Data Scientist","Pleno","Masculino","de R$ 3.001/mês a R$ 4.000/mês","1","0.44"
"2024","Cientista de Dados/Data Scientist","Pleno","Masculino","de R$ 25.001/mês a R$ 30.000/mês","1","0.44"
"2024","Cientista de Dados/Data Scientist","Pleno","Masculino","de R$ 20.001/mês a R$ 25.000/mês","1","0.44"
"2024","Cientista de Dados/Data Scientist","Sênior","Feminino","de R$ 12.001/mês a R$ 16.000/mês","30","8.96"
"2024","Cientista de Dados/Data Scientist","Sênior","Feminino","de R$ 8.001/mês a R$ 12.000/mês","20","5.97"
"2024","Cientista de Dados/Data Scientist","Sênior","Feminino","de R$ 16.001/mês a R$ 20.000/mês","14","4.18"
"2024","Cientista de Dados/Data Scientist","Sênior","Feminino","de R$ 20.001/mês a R$ 25.000/mês","3","0.9"
"2024","Cientista de Dados/Data Scientist","Sênior","Feminino","de R$ 6.001/mês a R$ 8.000/mês","1","0.3"
"2024","Cientista de Dados/Data Scientist","Sênior","Feminino","de R$ 30.001/mês a R$ 40.000/mês","1","0.3"
"2024","Cientista de Dados/Data Scientist","Sênior","Masculino","de R$ 12.001/mês a R$ 16.000/mês","103","30.75"
"2024","Cientista de Dados/Data Scientist","Sênior","Masculino","de R$ 8.001/mês a R$ 12.000/mês","53","15.82"
"2024","Cientista de Dados/Data Scientist","Sênior","Masculino","de R$ 16.001/mês a R$ 20.000/mês","50","14.93"
"2024","Cientista de Dados/Data Scientist","Sênior","Masculino","de R$ 20.001/mês a R$ 25.000/mês","28","8.36"
"2024","Cientista de Dados/Data Scientist","Sênior","Masculino","de R$ 25.001/mês a R$ 30.000/mês","13","3.88"
"2024","Cientista de Dados/Data Scientist","Sênior","Masculino","de R$ 6.001/mês a R$ 8.000/mês","8","2.39"
"2024","Cientista de Dados/Data Scientist","Sênior","Masculino","de R$ 30.001/mês a R$ 40.000/mês","6","1.79"
"2024","Cientista de Dados/Data Scientist","Sênior","Masculino","Acima de R$ 40.001/mês","5","1.49"
"2024","Data Product Manager/ Product Manager (PM/APM/DPM/GPM/PO)","Júnior","Feminino","de R$ 3.001/mês a R$ 4.000/mês","1","25.0"
"2024","Data Product Manager/ Product Manager (PM/APM/DPM/GPM/PO)","Júnior","Feminino","de R$ 6.001/mês a R$ 8.000/mês","1","25.0"
"2024","Data Product Manager/ Product Manager (PM/APM/DPM/GPM/PO)","Júnior","Masculino","de R$ 3.001/mês a R$ 4.000/mês","1","25.0"
"2024","Data Product Manager/ Product Manager (PM/APM/DPM/GPM/PO)","Júnior","Masculino","de R$ 1.001/mês a R$ 2.000/mês","1","25.0"
"2024","Data Product Manager/ Product Manager (PM/APM/DPM/GPM/PO)","Pleno","Feminino","de R$ 8.001/mês a R$ 12.000/mês","5","33.33"
"2024","Data Product Manager/ Product Manager (PM/APM/DPM/GPM/PO)","Pleno","Feminino","de R$ 6.001/mês a R$ 8.000/mês","2","13.33"
"2024","Data Product Manager/ Product Manager (PM/APM/DPM/GPM/PO)","Pleno","Feminino","de R$ 12.001/mês a R$ 16.000/mês","1","6.67"
"2024","Data Product Manager/ Product Manager (PM/APM/DPM/GPM/PO)","Pleno","Masculino","de R$ 8.001/mês a R$ 12.000/mês","2","13.33"
"2024","Data Product Manager/ Product Manager (PM/APM/DPM/GPM/PO)","Pleno","Masculino","de R$ 6.001/mês a R$ 8.000/mês","2","13.33"
"2024","Data Product Manager/ Product Manager (PM/APM/DPM/GPM/PO)","Pleno","Masculino","de R$ 4.001/mês a R$ 6.000/mês","2","13.33"
"2024","Data Product Manager/ Product Manager (PM/APM/DPM/GPM/PO)","Pleno","Masculino","de R$ 12.001/mês a R$ 16.000/mês","1","6.67"
"2024","Data Product Manager/ Product Manager (PM/APM/DPM/GPM/PO)","Sênior","Feminino","de R$ 8.001/mês a R$ 12.000/mês","12","19.67"
"2024","Data Product Manager/ Product Manager (PM/APM/DPM/GPM/PO)","Sênior","Feminino","de R$ 12.001/mês a R$ 16.000/mês","7","11.48"
"2024","Data Product Manager/ Product Manager (PM/APM/DPM/GPM/PO)","Sênior","Feminino","de R$ 16.001/mês a R$ 20.000/mês","3","4.92"
"2024","Data Product Manager/ Product Manager (PM/APM/DPM/GPM/PO)","Sênior","Feminino","de R$ 6.001/mês a R$ 8.000/mês","2","3.28"
"2024","Data Product Manager/ Product Manager (PM/APM/DPM/GPM/PO)","Sênior","Feminino","de R$ 25.001/mês a R$ 30.000/mês","1","1.64"
"2024","Data Product Manager/ Product Manager (PM/APM/DPM/GPM/PO)","Sênior","Masculino","de R$ 12.001/mês a R$ 16.000/mês","12","19.67"
"2024","Data Product Manager/ Product Manager (PM/APM/DPM/GPM/PO)","Sênior","Masculino","de R$ 8.001/mês a R$ 12.000/mês","11","18.03"
"2024","Data Product Manager/ Product Manager (PM/APM/DPM/GPM/PO)","Sênior","Masculino","de R$ 16.001/mês a R$ 20.000/mês","7","11.48"
"2024","Data Product Manager/ Product Manager (PM/APM/DPM/GPM/PO)","Sênior","Masculino","de R$ 6.001/mês a R$ 8.000/mês","4","6.56"
"2024","Data Product Manager/ Product Manager (PM/APM/DPM/GPM/PO)","Sênior","Masculino","de R$ 30.001/mês a R$ 40.000/mês","1","1.64"
"2024","Data Product Manager/ Product Manager (PM/APM/DPM/GPM/PO)","Sênior","Masculino","de R$ 20.001/mês a R$ 25.000/mês","1","1.64"
"2024","Desenvolvedor/ Engenheiro de Software/ Analista de Sistemas","Júnior","Feminino","de R$ 1.001/mês a R$ 2.000/mês","5","17.24"
"2024","Desenvolvedor/ Engenheiro de Software/ Analista de Sistemas","Júnior","Feminino","de R$ 2.001/mês a R$ 3.000/mês","3","10.34"
"2024","Desenvolvedor/ Engenheiro de Software/ Analista de Sistemas","Júnior","Feminino","de R$ 8.001/mês a R$ 12.000/mês","1","3.45"
"2024","Desenvolvedor/ Engenheiro de Software/ Analista de Sistemas","Júnior","Masculino","de R$ 2.001/mês a R$ 3.000/mês","6","20.69"
"2024","Desenvolvedor/ Engenheiro de Software/ Analista de Sistemas","Júnior","Masculino","de R$ 3.001/mês a R$ 4.000/mês","5","17.24"
"2024","Desenvolvedor/ Engenheiro de Software/ Analista de Sistemas","Júnior","Masculino","de R$ 1.001/mês a R$ 2.000/mês","3","10.34"
"2024","Desenvolvedor/ Engenheiro de Software/ Analista de Sistemas","Júnior","Masculino","de R$ 8.001/mês a R$ 12.000/mês","2","6.9"
"2024","Desenvolvedor/ Engenheiro de Software/ Analista de Sistemas","Júnior","Masculino","Menos de R$ 1.000/mês","2","6.9"
"2024","Desenvolvedor/ Engenheiro de Software/ Analista de Sistemas","Júnior","Masculino","de R$ 6.001/mês a R$ 8.000/mês","1","3.45"
"2024","Desenvolvedor/ Engenheiro de Software/ Analista de Sistemas","Júnior","Masculino","de R$ 4.001/mês a R$ 6.000/mês","1","3.45"
"2024","Desenvolvedor/ Engenheiro de Software/ Analista de Sistemas","Pleno","Feminino","de R$ 4.001/mês a R$ 6.000/mês","3","6.12"
"2024","Desenvolvedor/ Engenheiro de Software/ Analista de Sistemas","Pleno","Feminino","de R$ 6.001/mês a R$ 8.000/mês","2","4.08"
"2024","Desenvolvedor/ Engenheiro de Software/ Analista de Sistemas","Pleno","Feminino","de R$ 3.001/mês a R$ 4.000/mês","1","2.04"
"2024","Desenvolvedor/ Engenheiro de Software/ Analista de Sistemas","Pleno","Feminino","de R$ 8.001/mês a R$ 12.000/mês","1","2.04"
"2024","Desenvolvedor/ Engenheiro de Software/ Analista de Sistemas","Pleno","Masculino","de R$ 8.001/mês a R$ 12.000/mês","14","28.57"
"2024","Desenvolvedor/ Engenheiro de Software/ Analista de Sistemas","Pleno","Masculino","de R$ 6.001/mês a R$ 8.000/mês","9","18.37"
"2024","Desenvolvedor/ Engenheiro de Software/ Analista de Sistemas","Pleno","Masculino","de R$ 4.001/mês a R$ 6.000/mês","7","14.29"
"2024","Desenvolvedor/ Engenheiro de Software/ Analista de Sistemas","Pleno","Masculino","de R$ 3.001/mês a R$ 4.000/mês","6","12.24"
"2024","Desenvolvedor/ Engenheiro de Software/ Analista de Sistemas","Pleno","Masculino","de R$ 30.001/mês a R$ 40.000/mês","1","2.04"
"2024","Desenvolvedor/ Engenheiro de Software/ Analista de Sistemas","Pleno","Masculino","de R$ 25.001/mês a R$ 30.000/mês","1","2.04"
"2024","Desenvolvedor/ Engenheiro de Software/ Analista de Sistemas","Pleno","Masculino","de R$ 2.001/mês a R$ 3.000/mês","1","2.04"
"2024","Desenvolvedor/ Engenheiro de Software/ Analista de Sistemas","Pleno","Masculino","de R$ 20.001/mês a R$ 25.000/mês","1","2.04"
"2024","Desenvolvedor/ Engenheiro de Software/ Analista de Sistemas","Pleno","Masculino","de R$ 12.001/mês a R$ 16.000/mês","1","2.04"
"2024","Desenvolvedor/ Engenheiro de Software/ Analista de Sistemas","Pleno","Masculino","de R$ 16.001/mês a R$ 20.000/mês","1","2.04"
"2024","Desenvolvedor/ Engenheiro de Software/ Analista de Sistemas","Sênior","Feminino","de R$ 8.001/mês a R$ 12.000/mês","3","6.82"
"2024","Desenvolvedor/ Engenheiro de Software/ Analista de Sistemas","Sênior","Feminino","de R$ 16.001/mês a R$ 20.000/mês","1","2.27"
"2024","Desenvolvedor/ Engenheiro de Software/ Analista de Sistemas","Sênior","Masculino","de R$ 6.001/mês a R$ 8.000/mês","11","25.0"
"2024","Desenvolvedor/ Engenheiro de Software/ Analista de Sistemas","Sênior","Masculino","de R$ 12.001/mês a R$ 16.000/mês","11","25.0"
"2024","Desenvolvedor/ Engenheiro de Software/ Analista de Sistemas","Sênior","Masculino","de R$ 8.001/mês a R$ 12.000/mês","9","20.45"
"2024","Desenvolvedor/ Engenheiro de Software/ Analista de Sistemas","Sênior","Masculino","de R$ 16.001/mês a R$ 20.000/mês","3","6.82"
"2024","Desenvolvedor/ Engenheiro de Software/ Analista de Sistemas","Sênior","Masculino","de R$ 30.001/mês a R$ 40.000/mês","2","4.55"
"2024","Desenvolvedor/ Engenheiro de Software/ Analista de Sistemas","Sênior","Masculino","de R$ 25.001/mês a R$ 30.000/mês","2","4.55"
"2024","Desenvolvedor/ Engenheiro de Software/ Analista de Sistemas","Sênior","Masculino","de R$ 20.001/mês a R$ 25.000/mês","1","2.27"
"2024","Desenvolvedor/ Engenheiro de Software/ Analista de Sistemas","Sênior","Masculino","Acima de R$ 40.001/mês","1","2.27"
"2024","Engenheiro de Dados/Data Engineer/Data Architect","Júnior","Feminino","de R$ 4.001/mês a R$ 6.000/mês","8","8.7"
"2024","Engenheiro de Dados/Data Engineer/Data Architect","Júnior","Feminino","de R$ 2.001/mês a R$ 3.000/mês","5","5.43"
"2024","Engenheiro de Dados/Data Engineer/Data Architect","Júnior","Feminino","de R$ 6.001/mês a R$ 8.000/mês","4","4.35"
"2024","Engenheiro de Dados/Data Engineer/Data Architect","Júnior","Feminino","de R$ 1.001/mês a R$ 2.000/mês","4","4.35"
"2024","Engenheiro de Dados/Data Engineer/Data Architect","Júnior","Feminino","de R$ 3.001/mês a R$ 4.000/mês","2","2.17"
"2024","Engenheiro de Dados/Data Engineer/Data Architect","Júnior","Feminino","Menos de R$ 1.000/mês","1","1.09"
"2024","Engenheiro de Dados/Data Engineer/Data Architect","Júnior","Masculino","de R$ 4.001/mês a R$ 6.000/mês","23","25.0"
"2024","Engenheiro de Dados/Data Engineer/Data Architect","Júnior","Masculino","de R$ 3.001/mês a R$ 4.000/mês","13","14.13"
"2024","Engenheiro de Dados/Data Engineer/Data Architect","Júnior","Masculino","de R$ 6.001/mês a R$ 8.000/mês","11","11.96"
"2024","Engenheiro de Dados/Data Engineer/Data Architect","Júnior","Masculino","de R$ 2.001/mês a R$ 3.000/mês","11","11.96"
"2024","Engenheiro de Dados/Data Engineer/Data Architect","Júnior","Masculino","de R$ 1.001/mês a R$ 2.000/mês","3","3.26"
"2024","Engenheiro de Dados/Data Engineer/Data Architect","Júnior","Masculino","de R$ 8.001/mês a R$ 12.000/mês","3","3.26"
"2024","Engenheiro de Dados/Data Engineer/Data Architect","Júnior","Masculino","Menos de R$ 1.000/mês","2","2.17"
"2024","Engenheiro de Dados/Data Engineer/Data Architect","Júnior","Masculino","de R$ 25.001/mês a R$ 30.000/mês","1","1.09"
"2024","Engenheiro de Dados/Data Engineer/Data Architect","Júnior","Masculino","de R$ 12.001/mês a R$ 16.000/mês","1","1.09"
"2024","Engenheiro de Dados/Data Engineer/Data Architect","Pleno","Feminino","de R$ 6.001/mês a R$ 8.000/mês","12","5.77"
"2024","Engenheiro de Dados/Data Engineer/Data Architect","Pleno","Feminino","de R$ 8.001/mês a R$ 12.000/mês","11","5.29"
"2024","Engenheiro de Dados/Data Engineer/Data Architect","Pleno","Feminino","de R$ 4.001/mês a R$ 6.000/mês","8","3.85"
"2024","Engenheiro de Dados/Data Engineer/Data Architect","Pleno","Feminino","de R$ 3.001/mês a R$ 4.000/mês","3","1.44"
"2024","Engenheiro de Dados/Data Engineer/Data Architect","Pleno","Feminino","de R$ 25.001/mês a R$ 30.000/mês","1","0.48"
"2024","Engenheiro de Dados/Data Engineer/Data Architect","Pleno","Masculino","de R$ 8.001/mês a R$ 12.000/mês","80","38.46"
"2024","Engenheiro de Dados/Data Engineer/Data Architect","Pleno","Masculino","de R$ 6.001/mês a R$ 8.000/mês","36","17.31"
"2024","Engenheiro de Dados/Data Engineer/Data Architect","Pleno","Masculino","de R$ 12.001/mês a R$ 16.000/mês","22","10.58"
"2024","Engenheiro de Dados/Data Engineer/Data Architect","Pleno","Masculino","de R$ 4.001/mês a R$ 6.000/mês","21","10.1"
"2024","Engenheiro de Dados/Data Engineer/Data Architect","Pleno","Masculino","de R$ 16.001/mês a R$ 20.000/mês","5","2.4"
"2024","Engenheiro de Dados/Data Engineer/Data Architect","Pleno","Masculino","de R$ 30.001/mês a R$ 40.000/mês","3","1.44"
"2024","Engenheiro de Dados/Data Engineer/Data Architect","Pleno","Masculino","de R$ 3.001/mês a R$ 4.000/mês","3","1.44"
"2024","Engenheiro de Dados/Data Engineer/Data Architect","Pleno","Masculino","de R$ 20.001/mês a R$ 25.000/mês","1","0.48"
"2024","Engenheiro de Dados/Data Engineer/Data Architect","Pleno","Masculino","de R$ 25.001/mês a R$ 30.000/mês","1","0.48"
"2024","Engenheiro de Dados/Data Engineer/Data Architect","Pleno","Masculino","Menos de R$ 1.000/mês","1","0.48"
"2024","Engenheiro de Dados/Data Engineer/Data Architect","Sênior","Feminino","de R$ 8.001/mês a R$ 12.000/mês","13","4.22"
"2024","Engenheiro de Dados/Data Engineer/Data Architect","Sênior","Feminino","de R$ 12.001/mês a R$ 16.000/mês","7","2.27"
"2024","Engenheiro de Dados/Data Engineer/Data Architect","Sênior","Feminino","de R$ 16.001/mês a R$ 20.000/mês","3","0.97"
"2024","Engenheiro de Dados/Data Engineer/Data Architect","Sênior","Feminino","de R$ 30.001/mês a R$ 40.000/mês","1","0.32"
"2024","Engenheiro de Dados/Data Engineer/Data Architect","Sênior","Feminino","de R$ 20.001/mês a R$ 25.000/mês","1","0.32"
"2024","Engenheiro de Dados/Data Engineer/Data Architect","Sênior","Feminino","de R$ 6.001/mês a R$ 8.000/mês","1","0.32"
"2024","Engenheiro de Dados/Data Engineer/Data Architect","Sênior","Masculino","de R$ 12.001/mês a R$ 16.000/mês","80","25.97"
"2024","Engenheiro de Dados/Data Engineer/Data Architect","Sênior","Masculino","de R$ 8.001/mês a R$ 12.000/mês","75","24.35"
"2024","Engenheiro de Dados/Data Engineer/Data Architect","Sênior","Masculino","de R$ 16.001/mês a R$ 20.000/mês","47","15.26"
"2024","Engenheiro de Dados/Data Engineer/Data Architect","Sênior","Masculino","de R$ 20.001/mês a R$ 25.000/mês","24","7.79"
"2024","Engenheiro de Dados/Data Engineer/Data Architect","Sênior","Masculino","de R$ 30.001/mês a R$ 40.000/mês","21","6.82"
"2024","Engenheiro de Dados/Data Engineer/Data Architect","Sênior","Masculino","Acima de R$ 40.001/mês","14","4.55"
"2024","Engenheiro de Dados/Data Engineer/Data Architect","Sênior","Masculino","de R$ 25.001/mês a R$ 30.000/mês","14","4.55"
"2024","Engenheiro de Dados/Data Engineer/Data Architect","Sênior","Masculino","de R$ 6.001/mês a R$ 8.000/mês","6","1.95"
"2024","Engenheiro de Dados/Data Engineer/Data Architect","Sênior","Masculino","Menos de R$ 1.000/mês","1","0.32"
"2024","Engenheiro de Machine Learning/ML Engineer/AI Engineer","Júnior","Feminino","de R$ 8.001/mês a R$ 12.000/mês","1","11.11"
"2024","Engenheiro de Machine Learning/ML Engineer/AI Engineer","Júnior","Feminino","de R$ 1.001/mês a R$ 2.000/mês","1","11.11"
"2024","Engenheiro de Machine Learning/ML Engineer/AI Engineer","Júnior","Masculino","de R$ 4.001/mês a R$ 6.000/mês","3","33.33"
"2024","Engenheiro de Machine Learning/ML Engineer/AI Engineer","Júnior","Masculino","de R$ 3.001/mês a R$ 4.000/mês","2","22.22"
"2024","Engenheiro de Machine Learning/ML Engineer/AI Engineer","Júnior","Masculino","de R$ 8.001/mês a R$ 12.000/mês","1","11.11"
"2024","Engenheiro de Machine Learning/ML Engineer/AI Engineer","Júnior","Masculino","de R$ 2.001/mês a R$ 3.000/mês","1","11.11"
"2024","Engenheiro de Machine Learning/ML Engineer/AI Engineer","Pleno","Feminino","de R$ 8.001/mês a R$ 12.000/mês","6","16.67"
"2024","Engenheiro de Machine Learning/ML Engineer/AI Engineer","Pleno","Feminino","de R$ 12.001/mês a R$ 16.000/mês","2","5.56"
"2024","Engenheiro de Machine Learning/ML Engineer/AI Engineer","Pleno","Feminino","de R$ 4.001/mês a R$ 6.000/mês","2","5.56"
"2024","Engenheiro de Machine Learning/ML Engineer/AI Engineer","Pleno","Feminino","de R$ 6.001/mês a R$ 8.000/mês","1","2.78"
"2024","Engenheiro de Machine Learning/ML Engineer/AI Engineer","Pleno","Masculino","de R$ 8.001/mês a R$ 12.000/mês","12","33.33"
"2024","Engenheiro de Machine Learning/ML Engineer/AI Engineer","Pleno","Masculino","de R$ 6.001/mês a R$ 8.000/mês","7","19.44"
"2024","Engenheiro de Machine Learning/ML Engineer/AI Engineer","Pleno","Masculino","de R$ 30.001/mês a R$ 40.000/mês","2","5.56"
"2024","Engenheiro de Machine Learning/ML Engineer/AI Engineer","Pleno","Masculino","de R$ 12.001/mês a R$ 16.000/mês","2","5.56"
"2024","Engenheiro de Machine Learning/ML Engineer/AI Engineer","Pleno","Masculino","de R$ 25.001/mês a R$ 30.000/mês","1","2.78"
"2024","Engenheiro de Machine Learning/ML Engineer/AI Engineer","Pleno","Masculino","de R$ 4.001/mês a R$ 6.000/mês","1","2.78"
"2024","Engenheiro de Machine Learning/ML Engineer/AI Engineer","Sênior","Feminino","de R$ 12.001/mês a R$ 16.000/mês","4","6.9"
"2024","Engenheiro de Machine Learning/ML Engineer/AI Engineer","Sênior","Feminino","de R$ 8.001/mês a R$ 12.000/mês","3","5.17"
"2024","Engenheiro de Machine Learning/ML Engineer/AI Engineer","Sênior","Feminino","Acima de R$ 40.001/mês","1","1.72"
"2024","Engenheiro de Machine Learning/ML Engineer/AI Engineer","Sênior","Feminino","de R$ 6.001/mês a R$ 8.000/mês","1","1.72"
"2024","Engenheiro de Machine Learning/ML Engineer/AI Engineer","Sênior","Masculino","de R$ 12.001/mês a R$ 16.000/mês","13","22.41"
"2024","Engenheiro de Machine Learning/ML Engineer/AI Engineer","Sênior","Masculino","de R$ 20.001/mês a R$ 25.000/mês","10","17.24"
"2024","Engenheiro de Machine Learning/ML Engineer/AI Engineer","Sênior","Masculino","de R$ 16.001/mês a R$ 20.000/mês","7","12.07"
"2024","Engenheiro de Machine Learning/ML Engineer/AI Engineer","Sênior","Masculino","de R$ 8.001/mês a R$ 12.000/mês","6","10.34"
"2024","Engenheiro de Machine Learning/ML Engineer/AI Engineer","Sênior","Masculino","de R$ 25.001/mês a R$ 30.000/mês","6","10.34"
"2024","Engenheiro de Machine Learning/ML Engineer/AI Engineer","Sênior","Masculino","Acima de R$ 40.001/mês","4","6.9"
"2024","Engenheiro de Machine Learning/ML Engineer/AI Engineer","Sênior","Masculino","de R$ 30.001/mês a R$ 40.000/mês","3","5.17"
"2024","Estatístico","Júnior","Feminino","de R$ 1.001/mês a R$ 2.000/mês","1","20.0"
"2024","Estatístico","Júnior","Feminino","de R$ 6.001/mês a R$ 8.000/mês","1","20.0"
"2024","Estatístico","Júnior","Masculino","de R$ 4.001/mês a R$ 6.000/mês","2","40.0"
"2024","Estatístico","Júnior","Masculino","de R$ 1.001/mês a R$ 2.000/mês","1","20.0"
"2024","Estatístico","Pleno","Feminino","de R$ 6.001/mês a R$ 8.000/mês","1","14.29"
"2024","Estatístico","Pleno","Feminino","de R$ 8.001/mês a R$ 12.000/mês","1","14.29"
"2024","Estatístico","Pleno","Masculino","de R$ 4.001/mês a R$ 6.000/mês","2","28.57"
"2024","Estatístico","Pleno","Masculino","de R$ 6.001/mês a R$ 8.000/mês","1","14.29"
"2024","Estatístico","Pleno","Masculino","de R$ 3.001/mês a R$ 4.000/mês","1","14.29"
"2024","Estatístico","Pleno","Masculino","de R$ 8.001/mês a R$ 12.000/mês","1","14.29"
"2024","Estatístico","Sênior","Feminino","de R$ 20.001/mês a R$ 25.000/mês","1","20.0"
"2024","Estatístico","Sênior","Masculino","de R$ 8.001/mês a R$ 12.000/mês","4","80.0"
"2024","Não informado","Não informado","Feminino","Não informado","84","6.03"
"2024","Não informado","Não informado","Feminino","de R$ 16.001/mês a R$ 20.000/mês","41","2.94"
"2024","Não informado","Não informado","Feminino","de R$ 12.001/mês a R$ 16.000/mês","37","2.66"
"2024","Não informado","Não informado","Feminino","de R$ 8.001/mês a R$ 12.000/mês","32","2.3"
"2024","Não informado","Não informado","Feminino","de R$ 20.001/mês a R$ 25.000/mês","25","1.79"
"2024","Não informado","Não informado","Feminino","de R$ 25.001/mês a R$ 30.000/mês","18","1.29"
"2024","Não informado","Não informado","Feminino","de R$ 30.001/mês a R$ 40.000/mês","15","1.08"
"2024","Não informado","Não informado","Feminino","de R$ 6.001/mês a R$ 8.000/mês","9","0.65"
"2024","Não informado","Não informado","Feminino","Acima de R$ 40.001/mês","6","0.43"
"2024","Não informado","Não informado","Feminino","de R$ 2.001/mês a R$ 3.000/mês","5","0.36"
"2024","Não informado","Não informado","Feminino","de R$ 3.001/mês a R$ 4.000/mês","4","0.29"
"2024","Não informado","Não informado","Feminino","de R$ 1.001/mês a R$ 2.000/mês","4","0.29"
"2024","Não informado","Não informado","Feminino","de R$ 4.001/mês a R$ 6.000/mês","3","0.22"
"2024","Não informado","Não informado","Masculino","Não informado","268","19.24"
"2024","Não informado","Não informado","Masculino","de R$ 16.001/mês a R$ 20.000/mês","164","11.77"
"2024","Não informado","Não informado","Masculino","de R$ 12.001/mês a R$ 16.000/mês","141","10.12"
"2024","Não informado","Não informado","Masculino","de R$ 20.001/mês a R$ 25.000/mês","128","9.19"
"2024","Não informado","Não informado","Masculino","de R$ 8.001/mês a R$ 12.000/mês","87","6.25"
"2024","Não informado","Não informado","Masculino","de R$ 25.001/mês a R$ 30.000/mês","83","5.96"
"2024","Não informado","Não informado","Masculino","de R$ 30.001/mês a R$ 40.000/mês","81","5.81"
"2024","Não informado","Não informado","Masculino","Acima de R$ 40.001/mês","64","4.59"
"2024","Não informado","Não informado","Masculino","de R$ 6.001/mês a R$ 8.000/mês","48","3.45"
"2024","Não informado","Não informado","Masculino","de R$ 4.001/mês a R$ 6.000/mês","23","1.65"
"2024","Não informado","Não informado","Masculino","de R$ 3.001/mês a R$ 4.000/mês","12","0.86"
"2024","Não informado","Não informado","Masculino","de R$ 2.001/mês a R$ 3.000/mês","5","0.36"
"2024","Não informado","Não informado","Masculino","de R$ 1.001/mês a R$ 2.000/mês","3","0.22"
"2024","Não informado","Não informado","Masculino","Menos de R$ 1.000/mês","3","0.22"
"2024","Outra Opção","Júnior","Feminino","de R$ 1.001/mês a R$ 2.000/mês","12","8.89"
"2024","Outra Opção","Júnior","Feminino","de R$ 2.001/mês a R$ 3.000/mês","10","7.41"
"2024","Outra Opção","Júnior","Feminino","de R$ 3.001/mês a R$ 4.000/mês","4","2.96"
"2024","Outra Opção","Júnior","Feminino","Menos de R$ 1.000/mês","3","2.22"
"2024","Outra Opção","Júnior","Feminino","de R$ 8.001/mês a R$ 12.000/mês","3","2.22"
"2024","Outra Opção","Júnior","Feminino","de R$ 4.001/mês a R$ 6.000/mês","2","1.48"
"2024","Outra Opção","Júnior","Feminino","de R$ 6.001/mês a R$ 8.000/mês","2","1.48"
"2024","Outra Opção","Júnior","Feminino","de R$ 12.001/mês a R$ 16.000/mês","1","0.74"
"2024","Outra Opção","Júnior","Masculino","de R$ 2.001/mês a R$ 3.000/mês","31","22.96"
"2024","Outra Opção","Júnior","Masculino","de R$ 1.001/mês a R$ 2.000/mês","26","19.26"
"2024","Outra Opção","Júnior","Masculino","de R$ 3.001/mês a R$ 4.000/mês","14","10.37"
"2024","Outra Opção","Júnior","Masculino","de R$ 4.001/mês a R$ 6.000/mês","9","6.67"
"2024","Outra Opção","Júnior","Masculino","de R$ 6.001/mês a R$ 8.000/mês","6","4.44"
"2024","Outra Opção","Júnior","Masculino","Menos de R$ 1.000/mês","5","3.7"
"2024","Outra Opção","Júnior","Masculino","de R$ 8.001/mês a R$ 12.000/mês","5","3.7"
"2024","Outra Opção","Júnior","Masculino","de R$ 25.001/mês a R$ 30.000/mês","1","0.74"
"2024","Outra Opção","Júnior","Masculino","de R$ 12.001/mês a R$ 16.000/mês","1","0.74"
"2024","Outra Opção","Pleno","Feminino","de R$ 4.001/mês a R$ 6.000/mês","6","10.17"
"2024","Outra Opção","Pleno","Feminino","de R$ 3.001/mês a R$ 4.000/mês","5","8.47"
"2024","Outra Opção","Pleno","Feminino","de R$ 6.001/mês a R$ 8.000/mês","5","8.47"
"2024","Outra Opção","Pleno","Feminino","de R$ 8.001/mês a R$ 12.000/mês","4","6.78"
"2024","Outra Opção","Pleno","Feminino","de R$ 1.001/mês a R$ 2.000/mês","1","1.69"
"2024","Outra Opção","Pleno","Feminino","de R$ 12.001/mês a R$ 16.000/mês","1","1.69"
"2024","Outra Opção","Pleno","Feminino","de R$ 30.001/mês a R$ 40.000/mês","1","1.69"
"2024","Outra Opção","Pleno","Masculino","de R$ 2.001/mês a R$ 3.000/mês","7","11.86"
"2024","Outra Opção","Pleno","Masculino","de R$ 4.001/mês a R$ 6.000/mês","6","10.17"
"2024","Outra Opção","Pleno","Masculino","de R$ 6.001/mês a R$ 8.000/mês","6","10.17"
"2024","Outra Opção","Pleno","Masculino","de R$ 3.001/mês a R$ 4.000/mês","5","8.47"
"2024","Outra Opção","Pleno","Masculino","de R$ 8.001/mês a R$ 12.000/mês","5","8.47"
"2024","Outra Opção","Pleno","Masculino","de R$ 1.001/mês a R$ 2.000/mês","2","3.39"
"2024","Outra Opção","Pleno","Masculino","de R$ 16.001/mês a R$ 20.000/mês","2","3.39"
"2024","Outra Opção","Pleno","Masculino","de R$ 20.001/mês a R$ 25.000/mês","1","1.69"
"2024","Outra Opção","Pleno","Masculino","Menos de R$ 1.000/mês","1","1.69"
"2024","Outra Opção","Pleno","Masculino","de R$ 12.001/mês a R$ 16.000/mês","1","1.69"
"2024","Outra Opção","Sênior","Feminino","de R$ 8.001/mês a R$ 12.000/mês","6","10.0"
"2024","Outra Opção","Sênior","Feminino","de R$ 12.001/mês a R$ 16.000/mês","5","8.33"
"2024","Outra Opção","Sênior","Feminino","de R$ 16.001/mês a R$ 20.000/mês","4","6.67"
"2024","Outra Opção","Sênior","Feminino","de R$ 4.001/mês a R$ 6.000/mês","2","3.33"
"2024","Outra Opção","Sênior","Feminino","de R$ 6.001/mês a R$ 8.000/mês","2","3.33"
"2024","Outra Opção","Sênior","Masculino","de R$ 8.001/mês a R$ 12.000/mês","11","18.33"
"2024","Outra Opção","Sênior","Masculino","de R$ 16.001/mês a R$ 20.000/mês","7","11.67"
"2024","Outra Opção","Sênior","Masculino","de R$ 12.001/mês a R$ 16.000/mês","6","10.0"
"2024","Outra Opção","Sênior","Masculino","de R$ 30.001/mês a R$ 40.000/mês","3","5.0"
"2024","Outra Opção","Sênior","Masculino","Acima de R$ 40.001/mês","3","5.0"
"2024","Outra Opção","Sênior","Masculino","de R$ 6.001/mês a R$ 8.000/mês","3","5.0"
"2024","Outra Opção","Sênior","Masculino","de R$ 4.001/mês a R$ 6.000/mês","2","3.33"
"2024","Outra Opção","Sênior","Masculino","de R$ 2.001/mês a R$ 3.000/mês","2","3.33"
"2024","Outra Opção","Sênior","Masculino","de R$ 3.001/mês a R$ 4.000/mês","2","3.33"
"2024","Outra Opção","Sênior","Masculino","de R$ 25.001/mês a R$ 30.000/mês","1","1.67"
"2024","Outra Opção","Sênior","Masculino","de R$ 20.001/mês a R$ 25.000/mês","1","1.67"
"2024","Outras Engenharias (não inclui dev)","Júnior","Feminino","de R$ 4.001/mês a R$ 6.000/mês","1","16.67"
"2024","Outras Engenharias (não inclui dev)","Júnior","Masculino","de R$ 3.001/mês a R$ 4.000/mês","1","16.67"
"2024","Outras Engenharias (não inclui dev)","Júnior","Masculino","de R$ 8.001/mês a R$ 12.000/mês","1","16.67"
"2024","Outras Engenharias (não inclui dev)","Júnior","Masculino","de R$ 4.001/mês a R$ 6.000/mês","1","16.67"
"2024","Outras Engenharias (não inclui dev)","Júnior","Masculino","de R$ 2.001/mês a R$ 3.000/mês","1","16.67"
"2024","Outras Engenharias (não inclui dev)","Júnior","Masculino","de R$ 6.001/mês a R$ 8.000/mês","1","16.67"
"2024","Outras Engenharias (não inclui dev)","Pleno","Feminino","de R$ 8.001/mês a R$ 12.000/mês","1","7.14"
"2024","Outras Engenharias (não inclui dev)","Pleno","Masculino","de R$ 8.001/mês a R$ 12.000/mês","3","21.43"
"2024","Outras Engenharias (não inclui dev)","Pleno","Masculino","de R$ 6.001/mês a R$ 8.000/mês","3","21.43"
"2024","Outras Engenharias (não inclui dev)","Pleno","Masculino","de R$ 12.001/mês a R$ 16.000/mês","3","21.43"
"2024","Outras Engenharias (não inclui dev)","Pleno","Masculino","de R$ 4.001/mês a R$ 6.000/mês","2","14.29"
"2024","Outras Engenharias (não inclui dev)","Pleno","Masculino","de R$ 16.001/mês a R$ 20.000/mês","2","14.29"
"2024","Outras Engenharias (não inclui dev)","Sênior","Feminino","de R$ 3.001/mês a R$ 4.000/mês","1","11.11"
"2024","Outras Engenharias (não inclui dev)","Sênior","Masculino","de R$ 12.001/mês a R$ 16.000/mês","4","44.44"
"2024","Outras Engenharias (não inclui dev)","Sênior","Masculino","de R$ 8.001/mês a R$ 12.000/mês","2","22.22"
"2024","Outras Engenharias (não inclui dev)","Sênior","Masculino","de R$ 30.001/mês a R$ 40.000/mês","1","11.11"
"2024","Outras Engenharias (não inclui dev)","Sênior","Masculino","de R$ 4.001/mês a R$ 6.000/mês","1","11.11"
"2024","Professor/Pesquisador","Júnior","Feminino","de R$ 1.001/mês a R$ 2.000/mês","1","20.0"
"2024","Professor/Pesquisador","Júnior","Masculino","de R$ 8.001/mês a R$ 12.000/mês","1","20.0"
"2024","Professor/Pesquisador","Júnior","Masculino","de R$ 2.001/mês a R$ 3.000/mês","1","20.0"
"2024","Professor/Pesquisador","Júnior","Masculino","de R$ 3.001/mês a R$ 4.000/mês","1","20.0"
"2024","Professor/Pesquisador","Júnior","Masculino","Menos de R$ 1.000/mês","1","20.0"
"2024","Professor/Pesquisador","Pleno","Feminino","de R$ 8.001/mês a R$ 12.000/mês","2","28.57"
"2024","Professor/Pesquisador","Pleno","Masculino","de R$ 6.001/mês a R$ 8.000/mês","2","28.57"
"2024","Professor/Pesquisador","Pleno","Masculino","de R$ 4.001/mês a R$ 6.000/mês","2","28.57"
"2024","Professor/Pesquisador","Pleno","Masculino","de R$ 8.001/mês a R$ 12.000/mês","1","14.29"
"2024","Professor/Pesquisador","Sênior","Feminino","de R$ 6.001/mês a R$ 8.000/mês","1","11.11"
"2024","Professor/Pesquisador","Sênior","Masculino","de R$ 4.001/mês a R$ 6.000/mês","2","22.22"
"2024","Professor/Pesquisador","Sênior","Masculino","de R$ 8.001/mês a R$ 12.000/mês","2","22.22"
"2024","Professor/Pesquisador","Sênior","Masculino","de R$ 16.001/mês a R$ 20.000/mês","2","22.22"
"2024","Professor/Pesquisador","Sênior","Masculino","de R$ 2.001/mês a R$ 3.000/mês","1","11.11"
"2024","Professor/Pesquisador","Sênior","Masculino","de R$ 12.001/mês a R$ 16.000/mês","1","11.11"
"2025","Analista de BI/BI Analyst","Especialista/Staff+","Feminino","de R$ 12.001/mês a R$ 16.000/mês","3","17.65"
"2025","Analista de BI/BI Analyst","Especialista/Staff+","Feminino","de R$ 20.001/mês a R$ 25.000/mês","1","5.88"
"2025","Analista de BI/BI Analyst","Especialista/Staff+","Feminino","de R$ 30.001/mês a R$ 40.000/mês","1","5.88"
"2025","Analista de BI/BI Analyst","Especialista/Staff+","Feminino","de R$ 8.001/mês a R$ 12.000/mês","1","5.88"
"2025","Analista de BI/BI Analyst","Especialista/Staff+","Masculino","de R$ 8.001/mês a R$ 12.000/mês","4","23.53"
"2025","Analista de BI/BI Analyst","Especialista/Staff+","Masculino","de R$ 6.001/mês a R$ 8.000/mês","2","11.76"
"2025","Analista de BI/BI Analyst","Especialista/Staff+","Masculino","de R$ 12.001/mês a R$ 16.000/mês","2","11.76"
"2025","Analista de BI/BI Analyst","Especialista/Staff+","Masculino","de R$ 25.001/mês a R$ 30.000/mês","1","5.88"
"2025","Analista de BI/BI Analyst","Especialista/Staff+","Masculino","de R$ 30.001/mês a R$ 40.000/mês","1","5.88"
"2025","Analista de BI/BI Analyst","Especialista/Staff+","Masculino","de R$ 16.001/mês a R$ 20.000/mês","1","5.88"
"2025","Analista de BI/BI Analyst","Júnior","Feminino","de R$ 3.001/mês a R$ 4.000/mês","4","7.27"
"2025","Analista de BI/BI Analyst","Júnior","Feminino","de R$ 2.001/mês a R$ 3.000/mês","3","5.45"
"2025","Analista de BI/BI Analyst","Júnior","Feminino","de R$ 1.001/mês a R$ 2.000/mês","2","3.64"
"2025","Analista de BI/BI Analyst","Júnior","Feminino","de R$ 4.001/mês a R$ 6.000/mês","2","3.64"
"2025","Analista de BI/BI Analyst","Júnior","Feminino","Menos de R$ 1.000/mês","2","3.64"
"2025","Analista de BI/BI Analyst","Júnior","Feminino","de R$ 6.001/mês a R$ 8.000/mês","2","3.64"
"2025","Analista de BI/BI Analyst","Júnior","Masculino","de R$ 4.001/mês a R$ 6.000/mês","12","21.82"
"2025","Analista de BI/BI Analyst","Júnior","Masculino","de R$ 3.001/mês a R$ 4.000/mês","11","20.0"
"2025","Analista de BI/BI Analyst","Júnior","Masculino","de R$ 1.001/mês a R$ 2.000/mês","6","10.91"
"2025","Analista de BI/BI Analyst","Júnior","Masculino","de R$ 2.001/mês a R$ 3.000/mês","6","10.91"
"2025","Analista de BI/BI Analyst","Júnior","Masculino","de R$ 8.001/mês a R$ 12.000/mês","2","3.64"
"2025","Analista de BI/BI Analyst","Júnior","Masculino","de R$ 6.001/mês a R$ 8.000/mês","1","1.82"
"2025","Analista de BI/BI Analyst","Júnior","Masculino","Menos de R$ 1.000/mês","1","1.82"
"2025","Analista de BI/BI Analyst","Júnior","Masculino","de R$ 12.001/mês a R$ 16.000/mês","1","1.82"
"2025","Analista de BI/BI Analyst","Pleno","Feminino","de R$ 6.001/mês a R$ 8.000/mês","7","8.54"
"2025","Analista de BI/BI Analyst","Pleno","Feminino","de R$ 4.001/mês a R$ 6.000/mês","3","3.66"
"2025","Analista de BI/BI Analyst","Pleno","Feminino","de R$ 8.001/mês a R$ 12.000/mês","2","2.44"
"2025","Analista de BI/BI Analyst","Pleno","Feminino","de R$ 3.001/mês a R$ 4.000/mês","1","1.22"
"2025","Analista de BI/BI Analyst","Pleno","Masculino","de R$ 4.001/mês a R$ 6.000/mês","25","30.49"
"2025","Analista de BI/BI Analyst","Pleno","Masculino","de R$ 6.001/mês a R$ 8.000/mês","18","21.95"
"2025","Analista de BI/BI Analyst","Pleno","Masculino","de R$ 8.001/mês a R$ 12.000/mês","11","13.41"
"2025","Analista de BI/BI Analyst","Pleno","Masculino","de R$ 3.001/mês a R$ 4.000/mês","8","9.76"
"2025","Analista de BI/BI Analyst","Pleno","Masculino","de R$ 12.001/mês a R$ 16.000/mês","3","3.66"
"2025","Analista de BI/BI Analyst","Pleno","Masculino","de R$ 2.001/mês a R$ 3.000/mês","2","2.44"
"2025","Analista de BI/BI Analyst","Pleno","Masculino","de R$ 1.001/mês a R$ 2.000/mês","1","1.22"
"2025","Analista de BI/BI Analyst","Pleno","Masculino","Acima de R$ 40.001/mês","1","1.22"
"2025","Analista de BI/BI Analyst","Sênior","Feminino","de R$ 6.001/mês a R$ 8.000/mês","7","12.28"
"2025","Analista de BI/BI Analyst","Sênior","Feminino","de R$ 8.001/mês a R$ 12.000/mês","5","8.77"
"2025","Analista de BI/BI Analyst","Sênior","Feminino","de R$ 12.001/mês a R$ 16.000/mês","2","3.51"
"2025","Analista de BI/BI Analyst","Sênior","Feminino","de R$ 2.001/mês a R$ 3.000/mês","1","1.75"
"2025","Analista de BI/BI Analyst","Sênior","Masculino","de R$ 8.001/mês a R$ 12.000/mês","17","29.82"
"2025","Analista de BI/BI Analyst","Sênior","Masculino","de R$ 12.001/mês a R$ 16.000/mês","9","15.79"
"2025","Analista de BI/BI Analyst","Sênior","Masculino","de R$ 6.001/mês a R$ 8.000/mês","9","15.79"
"2025","Analista de BI/BI Analyst","Sênior","Masculino","de R$ 4.001/mês a R$ 6.000/mês","4","7.02"
"2025","Analista de BI/BI Analyst","Sênior","Masculino","de R$ 16.001/mês a R$ 20.000/mês","2","3.51"
"2025","Analista de BI/BI Analyst","Sênior","Masculino","de R$ 3.001/mês a R$ 4.000/mês","1","1.75"
"2025","Analista de Dados/Data Analyst","Especialista/Staff+","Feminino","de R$ 8.001/mês a R$ 12.000/mês","5","8.62"
"2025","Analista de Dados/Data Analyst","Especialista/Staff+","Feminino","de R$ 16.001/mês a R$ 20.000/mês","4","6.9"
"2025","Analista de Dados/Data Analyst","Especialista/Staff+","Feminino","de R$ 12.001/mês a R$ 16.000/mês","4","6.9"
"2025","Analista de Dados/Data Analyst","Especialista/Staff+","Feminino","de R$ 20.001/mês a R$ 25.000/mês","2","3.45"
"2025","Analista de Dados/Data Analyst","Especialista/Staff+","Feminino","de R$ 30.001/mês a R$ 40.000/mês","1","1.72"
"2025","Analista de Dados/Data Analyst","Especialista/Staff+","Masculino","de R$ 12.001/mês a R$ 16.000/mês","13","22.41"
"2025","Analista de Dados/Data Analyst","Especialista/Staff+","Masculino","de R$ 8.001/mês a R$ 12.000/mês","11","18.97"
"2025","Analista de Dados/Data Analyst","Especialista/Staff+","Masculino","de R$ 16.001/mês a R$ 20.000/mês","8","13.79"
"2025","Analista de Dados/Data Analyst","Especialista/Staff+","Masculino","de R$ 6.001/mês a R$ 8.000/mês","4","6.9"
"2025","Analista de Dados/Data Analyst","Especialista/Staff+","Masculino","de R$ 4.001/mês a R$ 6.000/mês","2","3.45"
"2025","Analista de Dados/Data Analyst","Especialista/Staff+","Masculino","Acima de R$ 40.001/mês","2","3.45"
"2025","Analista de Dados/Data Analyst","Especialista/Staff+","Masculino","de R$ 25.001/mês a R$ 30.000/mês","1","1.72"
"2025","Analista de Dados/Data Analyst","Especialista/Staff+","Masculino","de R$ 20.001/mês a R$ 25.000/mês","1","1.72"
"2025","Analista de Dados/Data Analyst","Júnior","Feminino","de R$ 4.001/mês a R$ 6.000/mês","10","6.9"
"2025","Analista de Dados/Data Analyst","Júnior","Feminino","de R$ 2.001/mês a R$ 3.000/mês","9","6.21"
"2025","Analista de Dados/Data Analyst","Júnior","Feminino","de R$ 3.001/mês a R$ 4.000/mês","7","4.83"
"2025","Analista de Dados/Data Analyst","Júnior","Feminino","de R$ 1.001/mês a R$ 2.000/mês","7","4.83"
"2025","Analista de Dados/Data Analyst","Júnior","Feminino","de R$ 6.001/mês a R$ 8.000/mês","6","4.14"
"2025","Analista de Dados/Data Analyst","Júnior","Feminino","de R$ 8.001/mês a R$ 12.000/mês","2","1.38"
"2025","Analista de Dados/Data Analyst","Júnior","Masculino","de R$ 4.001/mês a R$ 6.000/mês","32","22.07"
"2025","Analista de Dados/Data Analyst","Júnior","Masculino","de R$ 3.001/mês a R$ 4.000/mês","21","14.48"
"2025","Analista de Dados/Data Analyst","Júnior","Masculino","de R$ 1.001/mês a R$ 2.000/mês","21","14.48"
"2025","Analista de Dados/Data Analyst","Júnior","Masculino","de R$ 2.001/mês a R$ 3.000/mês","18","12.41"
"2025","Analista de Dados/Data Analyst","Júnior","Masculino","de R$ 6.001/mês a R$ 8.000/mês","7","4.83"
"2025","Analista de Dados/Data Analyst","Júnior","Masculino","de R$ 8.001/mês a R$ 12.000/mês","4","2.76"
"2025","Analista de Dados/Data Analyst","Júnior","Masculino","Menos de R$ 1.000/mês","1","0.69"
"2025","Analista de Dados/Data Analyst","Pleno","Feminino","de R$ 6.001/mês a R$ 8.000/mês","20","9.52"
"2025","Analista de Dados/Data Analyst","Pleno","Feminino","de R$ 8.001/mês a R$ 12.000/mês","14","6.67"
"2025","Analista de Dados/Data Analyst","Pleno","Feminino","de R$ 4.001/mês a R$ 6.000/mês","7","3.33"
"2025","Analista de Dados/Data Analyst","Pleno","Feminino","de R$ 3.001/mês a R$ 4.000/mês","4","1.9"
"2025","Analista de Dados/Data Analyst","Pleno","Feminino","de R$ 12.001/mês a R$ 16.000/mês","2","0.95"
"2025","Analista de Dados/Data Analyst","Pleno","Feminino","de R$ 2.001/mês a R$ 3.000/mês","1","0.48"
"2025","Analista de Dados/Data Analyst","Pleno","Masculino","de R$ 4.001/mês a R$ 6.000/mês","51","24.29"
"2025","Analista de Dados/Data Analyst","Pleno","Masculino","de R$ 8.001/mês a R$ 12.000/mês","44","20.95"
"2025","Analista de Dados/Data Analyst","Pleno","Masculino","de R$ 6.001/mês a R$ 8.000/mês","37","17.62"
"2025","Analista de Dados/Data Analyst","Pleno","Masculino","de R$ 3.001/mês a R$ 4.000/mês","17","8.1"
"2025","Analista de Dados/Data Analyst","Pleno","Masculino","de R$ 12.001/mês a R$ 16.000/mês","5","2.38"
"2025","Analista de Dados/Data Analyst","Pleno","Masculino","de R$ 2.001/mês a R$ 3.000/mês","3","1.43"
"2025","Analista de Dados/Data Analyst","Pleno","Masculino","de R$ 25.001/mês a R$ 30.000/mês","2","0.95"
"2025","Analista de Dados/Data Analyst","Pleno","Masculino","de R$ 16.001/mês a R$ 20.000/mês","2","0.95"
"2025","Analista de Dados/Data Analyst","Pleno","Masculino","de R$ 20.001/mês a R$ 25.000/mês","1","0.48"
"2025","Analista de Dados/Data Analyst","Sênior","Feminino","de R$ 8.001/mês a R$ 12.000/mês","22","11.96"
"2025","Analista de Dados/Data Analyst","Sênior","Feminino","de R$ 6.001/mês a R$ 8.000/mês","7","3.8"
"2025","Analista de Dados/Data Analyst","Sênior","Feminino","de R$ 12.001/mês a R$ 16.000/mês","7","3.8"
"2025","Analista de Dados/Data Analyst","Sênior","Feminino","de R$ 4.001/mês a R$ 6.000/mês","4","2.17"
"2025","Analista de Dados/Data Analyst","Sênior","Feminino","de R$ 20.001/mês a R$ 25.000/mês","1","0.54"
"2025","Analista de Dados/Data Analyst","Sênior","Feminino","de R$ 16.001/mês a R$ 20.000/mês","1","0.54"
"2025","Analista de Dados/Data Analyst","Sênior","Masculino","de R$ 8.001/mês a R$ 12.000/mês","62","33.7"
"2025","Analista de Dados/Data Analyst","Sênior","Masculino","de R$ 6.001/mês a R$ 8.000/mês","24","13.04"
"2025","Analista de Dados/Data Analyst","Sênior","Masculino","de R$ 12.001/mês a R$ 16.000/mês","21","11.41"
"2025","Analista de Dados/Data Analyst","Sênior","Masculino","de R$ 20.001/mês a R$ 25.000/mês","11","5.98"
"2025","Analista de Dados/Data Analyst","Sênior","Masculino","de R$ 30.001/mês a R$ 40.000/mês","5","2.72"
"2025","Analista de Dados/Data Analyst","Sênior","Masculino","de R$ 4.001/mês a R$ 6.000/mês","5","2.72"
"2025","Analista de Dados/Data Analyst","Sênior","Masculino","de R$ 25.001/mês a R$ 30.000/mês","4","2.17"
"2025","Analista de Dados/Data Analyst","Sênior","Masculino","de R$ 16.001/mês a R$ 20.000/mês","4","2.17"
"2025","Analista de Dados/Data Analyst","Sênior","Masculino","de R$ 3.001/mês a R$ 4.000/mês","3","1.63"
"2025","Analista de Dados/Data Analyst","Sênior","Masculino","Acima de R$ 40.001/mês","2","1.09"
"2025","Analista de Dados/Data Analyst","Sênior","Masculino","de R$ 1.001/mês a R$ 2.000/mês","1","0.54"
"2025","Analista de Negócios/Business Analyst","Especialista/Staff+","Feminino","de R$ 16.001/mês a R$ 20.000/mês","4","22.22"
"2025","Analista de Negócios/Business Analyst","Especialista/Staff+","Feminino","de R$ 12.001/mês a R$ 16.000/mês","1","5.56"
"2025","Analista de Negócios/Business Analyst","Especialista/Staff+","Feminino","de R$ 8.001/mês a R$ 12.000/mês","1","5.56"
"2025","Analista de Negócios/Business Analyst","Especialista/Staff+","Masculino","de R$ 8.001/mês a R$ 12.000/mês","4","22.22"
"2025","Analista de Negócios/Business Analyst","Especialista/Staff+","Masculino","de R$ 12.001/mês a R$ 16.000/mês","3","16.67"
"2025","Analista de Negócios/Business Analyst","Especialista/Staff+","Masculino","de R$ 20.001/mês a R$ 25.000/mês","2","11.11"
"2025","Analista de Negócios/Business Analyst","Especialista/Staff+","Masculino","de R$ 25.001/mês a R$ 30.000/mês","1","5.56"
"2025","Analista de Negócios/Business Analyst","Especialista/Staff+","Masculino","de R$ 16.001/mês a R$ 20.000/mês","1","5.56"
"2025","Analista de Negócios/Business Analyst","Especialista/Staff+","Masculino","de R$ 6.001/mês a R$ 8.000/mês","1","5.56"
"2025","Analista de Negócios/Business Analyst","Júnior","Feminino","de R$ 2.001/mês a R$ 3.000/mês","3","13.64"
"2025","Analista de Negócios/Business Analyst","Júnior","Feminino","de R$ 3.001/mês a R$ 4.000/mês","2","9.09"
"2025","Analista de Negócios/Business Analyst","Júnior","Feminino","de R$ 4.001/mês a R$ 6.000/mês","1","4.55"
"2025","Analista de Negócios/Business Analyst","Júnior","Masculino","de R$ 2.001/mês a R$ 3.000/mês","6","27.27"
"2025","Analista de Negócios/Business Analyst","Júnior","Masculino","de R$ 4.001/mês a R$ 6.000/mês","6","27.27"
"2025","Analista de Negócios/Business Analyst","Júnior","Masculino","de R$ 1.001/mês a R$ 2.000/mês","2","9.09"
"2025","Analista de Negócios/Business Analyst","Júnior","Masculino","de R$ 8.001/mês a R$ 12.000/mês","1","4.55"
"2025","Analista de Negócios/Business Analyst","Júnior","Masculino","de R$ 3.001/mês a R$ 4.000/mês","1","4.55"
"2025","Analista de Negócios/Business Analyst","Pleno","Feminino","de R$ 4.001/mês a R$ 6.000/mês","10","18.87"
"2025","Analista de Negócios/Business Analyst","Pleno","Feminino","de R$ 8.001/mês a R$ 12.000/mês","5","9.43"
"2025","Analista de Negócios/Business Analyst","Pleno","Feminino","de R$ 6.001/mês a R$ 8.000/mês","1","1.89"
"2025","Analista de Negócios/Business Analyst","Pleno","Masculino","de R$ 6.001/mês a R$ 8.000/mês","14","26.42"
"2025","Analista de Negócios/Business Analyst","Pleno","Masculino","de R$ 4.001/mês a R$ 6.000/mês","10","18.87"
"2025","Analista de Negócios/Business Analyst","Pleno","Masculino","de R$ 8.001/mês a R$ 12.000/mês","8","15.09"
"2025","Analista de Negócios/Business Analyst","Pleno","Masculino","de R$ 3.001/mês a R$ 4.000/mês","2","3.77"
"2025","Analista de Negócios/Business Analyst","Pleno","Masculino","de R$ 30.001/mês a R$ 40.000/mês","1","1.89"
"2025","Analista de Negócios/Business Analyst","Pleno","Masculino","de R$ 2.001/mês a R$ 3.000/mês","1","1.89"
"2025","Analista de Negócios/Business Analyst","Pleno","Masculino","de R$ 12.001/mês a R$ 16.000/mês","1","1.89"
"2025","Analista de Negócios/Business Analyst","Sênior","Feminino","de R$ 8.001/mês a R$ 12.000/mês","6","12.77"
"2025","Analista de Negócios/Business Analyst","Sênior","Feminino","de R$ 2.001/mês a R$ 3.000/mês","2","4.26"
"2025","Analista de Negócios/Business Analyst","Sênior","Feminino","de R$ 4.001/mês a R$ 6.000/mês","1","2.13"
"2025","Analista de Negócios/Business Analyst","Sênior","Feminino","de R$ 6.001/mês a R$ 8.000/mês","1","2.13"
"2025","Analista de Negócios/Business Analyst","Sênior","Feminino","de R$ 16.001/mês a R$ 20.000/mês","1","2.13"
"2025","Analista de Negócios/Business Analyst","Sênior","Masculino","de R$ 8.001/mês a R$ 12.000/mês","16","34.04"
"2025","Analista de Negócios/Business Analyst","Sênior","Masculino","de R$ 6.001/mês a R$ 8.000/mês","6","12.77"
"2025","Analista de Negócios/Business Analyst","Sênior","Masculino","de R$ 4.001/mês a R$ 6.000/mês","4","8.51"
"2025","Analista de Negócios/Business Analyst","Sênior","Masculino","de R$ 12.001/mês a R$ 16.000/mês","3","6.38"
"2025","Analista de Negócios/Business Analyst","Sênior","Masculino","de R$ 20.001/mês a R$ 25.000/mês","3","6.38"
"2025","Analista de Negócios/Business Analyst","Sênior","Masculino","de R$ 16.001/mês a R$ 20.000/mês","2","4.26"
"2025","Analista de Negócios/Business Analyst","Sênior","Masculino","de R$ 25.001/mês a R$ 30.000/mês","1","2.13"
"2025","Analista de Negócios/Business Analyst","Sênior","Masculino","de R$ 3.001/mês a R$ 4.000/mês","1","2.13"
"2025","Analista de Suporte/Analista Técnico","Júnior","Feminino","de R$ 6.001/mês a R$ 8.000/mês","2","10.53"
"2025","Analista de Suporte/Analista Técnico","Júnior","Feminino","de R$ 1.001/mês a R$ 2.000/mês","1","5.26"
"2025","Analista de Suporte/Analista Técnico","Júnior","Feminino","Menos de R$ 1.000/mês","1","5.26"
"2025","Analista de Suporte/Analista Técnico","Júnior","Feminino","de R$ 2.001/mês a R$ 3.000/mês","1","5.26"
"2025","Analista de Suporte/Analista Técnico","Júnior","Feminino","de R$ 3.001/mês a R$ 4.000/mês","1","5.26"
"2025","Analista de Suporte/Analista Técnico","Júnior","Masculino","de R$ 2.001/mês a R$ 3.000/mês","8","42.11"
"2025","Analista de Suporte/Analista Técnico","Júnior","Masculino","de R$ 1.001/mês a R$ 2.000/mês","2","10.53"
"2025","Analista de Suporte/Analista Técnico","Júnior","Masculino","de R$ 3.001/mês a R$ 4.000/mês","2","10.53"
"2025","Analista de Suporte/Analista Técnico","Júnior","Masculino","Menos de R$ 1.000/mês","1","5.26"
"2025","Analista de Suporte/Analista Técnico","Pleno","Feminino","de R$ 12.001/mês a R$ 16.000/mês","1","5.0"
"2025","Analista de Suporte/Analista Técnico","Pleno","Masculino","de R$ 8.001/mês a R$ 12.000/mês","6","30.0"
"2025","Analista de Suporte/Analista Técnico","Pleno","Masculino","de R$ 4.001/mês a R$ 6.000/mês","6","30.0"
"2025","Analista de Suporte/Analista Técnico","Pleno","Masculino","de R$ 6.001/mês a R$ 8.000/mês","5","25.0"
"2025","Analista de Suporte/Analista Técnico","Pleno","Masculino","de R$ 1.001/mês a R$ 2.000/mês","1","5.0"
"2025","Analista de Suporte/Analista Técnico","Pleno","Masculino","de R$ 3.001/mês a R$ 4.000/mês","1","5.0"
"2025","Analista de Suporte/Analista Técnico","Sênior","Feminino","de R$ 4.001/mês a R$ 6.000/mês","1","6.67"
"2025","Analista de Suporte/Analista Técnico","Sênior","Masculino","de R$ 4.001/mês a R$ 6.000/mês","4","26.67"
"2025","Analista de Suporte/Analista Técnico","Sênior","Masculino","de R$ 8.001/mês a R$ 12.000/mês","2","13.33"
"2025","Analista de Suporte/Analista Técnico","Sênior","Masculino","de R$ 12.001/mês a R$ 16.000/mês","2","13.33"
"2025","Analista de Suporte/Analista Técnico","Sênior","Masculino","de R$ 6.001/mês a R$ 8.000/mês","2","13.33"
"2025","Analista de Suporte/Analista Técnico","Sênior","Masculino","de R$ 20.001/mês a R$ 25.000/mês","1","6.67"
"2025","Analista de Suporte/Analista Técnico","Sênior","Masculino","de R$ 2.001/mês a R$ 3.000/mês","1","6.67"
"2025","Analista de Suporte/Analista Técnico","Sênior","Masculino","de R$ 25.001/mês a R$ 30.000/mês","1","6.67"
"2025","Analista de Suporte/Analista Técnico","Sênior","Masculino","de R$ 16.001/mês a R$ 20.000/mês","1","6.67"
"2025","Analytics Engineer","Especialista/Staff+","Feminino","de R$ 12.001/mês a R$ 16.000/mês","4","17.39"
"2025","Analytics Engineer","Especialista/Staff+","Feminino","de R$ 16.001/mês a R$ 20.000/mês","1","4.35"
"2025","Analytics Engineer","Especialista/Staff+","Masculino","de R$ 12.001/mês a R$ 16.000/mês","6","26.09"
"2025","Analytics Engineer","Especialista/Staff+","Masculino","de R$ 16.001/mês a R$ 20.000/mês","4","17.39"
"2025","Analytics Engineer","Especialista/Staff+","Masculino","de R$ 8.001/mês a R$ 12.000/mês","2","8.7"
"2025","Analytics Engineer","Especialista/Staff+","Masculino","de R$ 25.001/mês a R$ 30.000/mês","2","8.7"
"2025","Analytics Engineer","Especialista/Staff+","Masculino","de R$ 30.001/mês a R$ 40.000/mês","2","8.7"
"2025","Analytics Engineer","Especialista/Staff+","Masculino","de R$ 6.001/mês a R$ 8.000/mês","1","4.35"
"2025","Analytics Engineer","Especialista/Staff+","Masculino","de R$ 20.001/mês a R$ 25.000/mês","1","4.35"
"2025","Analytics Engineer","Júnior","Feminino","de R$ 4.001/mês a R$ 6.000/mês","2","18.18"
"2025","Analytics Engineer","Júnior","Feminino","de R$ 6.001/mês a R$ 8.000/mês","1","9.09"
"2025","Analytics Engineer","Júnior","Feminino","de R$ 3.001/mês a R$ 4.000/mês","1","9.09"
"2025","Analytics Engineer","Júnior","Masculino","de R$ 6.001/mês a R$ 8.000/mês","3","27.27"
"2025","Analytics Engineer","Júnior","Masculino","de R$ 2.001/mês a R$ 3.000/mês","1","9.09"
"2025","Analytics Engineer","Júnior","Masculino","de R$ 4.001/mês a R$ 6.000/mês","1","9.09"
"2025","Analytics Engineer","Júnior","Masculino","de R$ 1.001/mês a R$ 2.000/mês","1","9.09"
"2025","Analytics Engineer","Júnior","Masculino","de R$ 3.001/mês a R$ 4.000/mês","1","9.09"
"2025","Analytics Engineer","Pleno","Feminino","de R$ 8.001/mês a R$ 12.000/mês","5","12.2"
"2025","Analytics Engineer","Pleno","Feminino","de R$ 6.001/mês a R$ 8.000/mês","3","7.32"
"2025","Analytics Engineer","Pleno","Feminino","de R$ 12.001/mês a R$ 16.000/mês","3","7.32"
"2025","Analytics Engineer","Pleno","Feminino","de R$ 16.001/mês a R$ 20.000/mês","1","2.44"
"2025","Analytics Engineer","Pleno","Masculino","de R$ 6.001/mês a R$ 8.000/mês","10","24.39"
"2025","Analytics Engineer","Pleno","Masculino","de R$ 8.001/mês a R$ 12.000/mês","9","21.95"
"2025","Analytics Engineer","Pleno","Masculino","de R$ 12.001/mês a R$ 16.000/mês","5","12.2"
"2025","Analytics Engineer","Pleno","Masculino","de R$ 4.001/mês a R$ 6.000/mês","5","12.2"
"2025","Analytics Engineer","Sênior","Feminino","de R$ 12.001/mês a R$ 16.000/mês","5","8.47"
"2025","Analytics Engineer","Sênior","Feminino","de R$ 8.001/mês a R$ 12.000/mês","3","5.08"
"2025","Analytics Engineer","Sênior","Feminino","de R$ 16.001/mês a R$ 20.000/mês","2","3.39"
"2025","Analytics Engineer","Sênior","Feminino","de R$ 25.001/mês a R$ 30.000/mês","2","3.39"
"2025","Analytics Engineer","Sênior","Feminino","de R$ 20.001/mês a R$ 25.000/mês","1","1.69"
"2025","Analytics Engineer","Sênior","Masculino","de R$ 12.001/mês a R$ 16.000/mês","15","25.42"
"2025","Analytics Engineer","Sênior","Masculino","de R$ 8.001/mês a R$ 12.000/mês","12","20.34"
"2025","Analytics Engineer","Sênior","Masculino","de R$ 16.001/mês a R$ 20.000/mês","7","11.86"
"2025","Analytics Engineer","Sênior","Masculino","de R$ 6.001/mês a R$ 8.000/mês","4","6.78"
"2025","Analytics Engineer","Sênior","Masculino","de R$ 20.001/mês a R$ 25.000/mês","3","5.08"
"2025","Analytics Engineer","Sênior","Masculino","de R$ 25.001/mês a R$ 30.000/mês","3","5.08"
"2025","Analytics Engineer","Sênior","Masculino","de R$ 30.001/mês a R$ 40.000/mês","2","3.39"
"2025","Arquiteto de Dados/Data Architect","Especialista/Staff+","Feminino","de R$ 20.001/mês a R$ 25.000/mês","1","7.69"
"2025","Arquiteto de Dados/Data Architect","Especialista/Staff+","Masculino","de R$ 16.001/mês a R$ 20.000/mês","4","30.77"
"2025","Arquiteto de Dados/Data Architect","Especialista/Staff+","Masculino","de R$ 25.001/mês a R$ 30.000/mês","3","23.08"
"2025","Arquiteto de Dados/Data Architect","Especialista/Staff+","Masculino","Acima de R$ 40.001/mês","2","15.38"
"2025","Arquiteto de Dados/Data Architect","Especialista/Staff+","Masculino","de R$ 12.001/mês a R$ 16.000/mês","1","7.69"
"2025","Arquiteto de Dados/Data Architect","Especialista/Staff+","Masculino","de R$ 30.001/mês a R$ 40.000/mês","1","7.69"
"2025","Arquiteto de Dados/Data Architect","Especialista/Staff+","Masculino","de R$ 20.001/mês a R$ 25.000/mês","1","7.69"
"2025","Arquiteto de Dados/Data Architect","Júnior","Feminino","de R$ 8.001/mês a R$ 12.000/mês","1","50.0"
"2025","Arquiteto de Dados/Data Architect","Júnior","Masculino","de R$ 2.001/mês a R$ 3.000/mês","1","50.0"
"2025","Arquiteto de Dados/Data Architect","Pleno","Masculino","de R$ 8.001/mês a R$ 12.000/mês","3","100.0"
"2025","Arquiteto de Dados/Data Architect","Sênior","Feminino","de R$ 8.001/mês a R$ 12.000/mês","1","10.0"
"2025","Arquiteto de Dados/Data Architect","Sênior","Masculino","de R$ 12.001/mês a R$ 16.000/mês","3","30.0"
"2025","Arquiteto de Dados/Data Architect","Sênior","Masculino","de R$ 8.001/mês a R$ 12.000/mês","3","30.0"
"2025","Arquiteto de Dados/Data Architect","Sênior","Masculino","de R$ 16.001/mês a R$ 20.000/mês","2","20.0"
"2025","Arquiteto de Dados/Data Architect","Sênior","Masculino","de R$ 6.001/mês a R$ 8.000/mês","1","10.0"
"2025","Cientista de Dados/Data Scientist","Especialista/Staff+","Feminino","de R$ 20.001/mês a R$ 25.000/mês","5","6.94"
"2025","Cientista de Dados/Data Scientist","Especialista/Staff+","Feminino","de R$ 12.001/mês a R$ 16.000/mês","5","6.94"
"2025","Cientista de Dados/Data Scientist","Especialista/Staff+","Feminino","de R$ 8.001/mês a R$ 12.000/mês","1","1.39"
"2025","Cientista de Dados/Data Scientist","Especialista/Staff+","Feminino","de R$ 16.001/mês a R$ 20.000/mês","1","1.39"
"2025","Cientista de Dados/Data Scientist","Especialista/Staff+","Feminino","de R$ 25.001/mês a R$ 30.000/mês","1","1.39"
"2025","Cientista de Dados/Data Scientist","Especialista/Staff+","Masculino","de R$ 16.001/mês a R$ 20.000/mês","17","23.61"
"2025","Cientista de Dados/Data Scientist","Especialista/Staff+","Masculino","de R$ 12.001/mês a R$ 16.000/mês","15","20.83"
"2025","Cientista de Dados/Data Scientist","Especialista/Staff+","Masculino","de R$ 25.001/mês a R$ 30.000/mês","10","13.89"
"2025","Cientista de Dados/Data Scientist","Especialista/Staff+","Masculino","de R$ 8.001/mês a R$ 12.000/mês","7","9.72"
"2025","Cientista de Dados/Data Scientist","Especialista/Staff+","Masculino","de R$ 20.001/mês a R$ 25.000/mês","4","5.56"
"2025","Cientista de Dados/Data Scientist","Especialista/Staff+","Masculino","de R$ 30.001/mês a R$ 40.000/mês","3","4.17"
"2025","Cientista de Dados/Data Scientist","Especialista/Staff+","Masculino","Acima de R$ 40.001/mês","3","4.17"
"2025","Cientista de Dados/Data Scientist","Júnior","Feminino","de R$ 4.001/mês a R$ 6.000/mês","5","7.81"
"2025","Cientista de Dados/Data Scientist","Júnior","Feminino","de R$ 1.001/mês a R$ 2.000/mês","3","4.69"
"2025","Cientista de Dados/Data Scientist","Júnior","Feminino","de R$ 2.001/mês a R$ 3.000/mês","3","4.69"
"2025","Cientista de Dados/Data Scientist","Júnior","Feminino","de R$ 6.001/mês a R$ 8.000/mês","2","3.13"
"2025","Cientista de Dados/Data Scientist","Júnior","Feminino","de R$ 8.001/mês a R$ 12.000/mês","1","1.56"
"2025","Cientista de Dados/Data Scientist","Júnior","Masculino","de R$ 8.001/mês a R$ 12.000/mês","18","28.13"
"2025","Cientista de Dados/Data Scientist","Júnior","Masculino","de R$ 4.001/mês a R$ 6.000/mês","10","15.63"
"2025","Cientista de Dados/Data Scientist","Júnior","Masculino","de R$ 6.001/mês a R$ 8.000/mês","8","12.5"
"2025","Cientista de Dados/Data Scientist","Júnior","Masculino","de R$ 1.001/mês a R$ 2.000/mês","6","9.38"
"2025","Cientista de Dados/Data Scientist","Júnior","Masculino","de R$ 3.001/mês a R$ 4.000/mês","4","6.25"
"2025","Cientista de Dados/Data Scientist","Júnior","Masculino","de R$ 2.001/mês a R$ 3.000/mês","2","3.13"
"2025","Cientista de Dados/Data Scientist","Júnior","Masculino","Menos de R$ 1.000/mês","1","1.56"
"2025","Cientista de Dados/Data Scientist","Júnior","Masculino","de R$ 12.001/mês a R$ 16.000/mês","1","1.56"
"2025","Cientista de Dados/Data Scientist","Pleno","Feminino","de R$ 8.001/mês a R$ 12.000/mês","15","10.95"
"2025","Cientista de Dados/Data Scientist","Pleno","Feminino","de R$ 12.001/mês a R$ 16.000/mês","9","6.57"
"2025","Cientista de Dados/Data Scientist","Pleno","Feminino","de R$ 6.001/mês a R$ 8.000/mês","7","5.11"
"2025","Cientista de Dados/Data Scientist","Pleno","Feminino","de R$ 4.001/mês a R$ 6.000/mês","3","2.19"
"2025","Cientista de Dados/Data Scientist","Pleno","Feminino","de R$ 3.001/mês a R$ 4.000/mês","2","1.46"
"2025","Cientista de Dados/Data Scientist","Pleno","Masculino","de R$ 8.001/mês a R$ 12.000/mês","51","37.23"
"2025","Cientista de Dados/Data Scientist","Pleno","Masculino","de R$ 6.001/mês a R$ 8.000/mês","25","18.25"
"2025","Cientista de Dados/Data Scientist","Pleno","Masculino","de R$ 12.001/mês a R$ 16.000/mês","12","8.76"
"2025","Cientista de Dados/Data Scientist","Pleno","Masculino","de R$ 4.001/mês a R$ 6.000/mês","6","4.38"
"2025","Cientista de Dados/Data Scientist","Pleno","Masculino","de R$ 3.001/mês a R$ 4.000/mês","2","1.46"
"2025","Cientista de Dados/Data Scientist","Pleno","Masculino","de R$ 1.001/mês a R$ 2.000/mês","2","1.46"
"2025","Cientista de Dados/Data Scientist","Pleno","Masculino","de R$ 16.001/mês a R$ 20.000/mês","1","0.73"
"2025","Cientista de Dados/Data Scientist","Pleno","Masculino","de R$ 20.001/mês a R$ 25.000/mês","1","0.73"
"2025","Cientista de Dados/Data Scientist","Pleno","Masculino","Acima de R$ 40.001/mês","1","0.73"
"2025","Cientista de Dados/Data Scientist","Sênior","Feminino","de R$ 12.001/mês a R$ 16.000/mês","15","10.27"
"2025","Cientista de Dados/Data Scientist","Sênior","Feminino","de R$ 16.001/mês a R$ 20.000/mês","9","6.16"
"2025","Cientista de Dados/Data Scientist","Sênior","Feminino","de R$ 8.001/mês a R$ 12.000/mês","7","4.79"
"2025","Cientista de Dados/Data Scientist","Sênior","Masculino","de R$ 12.001/mês a R$ 16.000/mês","32","21.92"
"2025","Cientista de Dados/Data Scientist","Sênior","Masculino","de R$ 16.001/mês a R$ 20.000/mês","32","21.92"
"2025","Cientista de Dados/Data Scientist","Sênior","Masculino","de R$ 8.001/mês a R$ 12.000/mês","28","19.18"
"2025","Cientista de Dados/Data Scientist","Sênior","Masculino","de R$ 20.001/mês a R$ 25.000/mês","8","5.48"
"2025","Cientista de Dados/Data Scientist","Sênior","Masculino","de R$ 25.001/mês a R$ 30.000/mês","5","3.42"
"2025","Cientista de Dados/Data Scientist","Sênior","Masculino","de R$ 6.001/mês a R$ 8.000/mês","4","2.74"
"2025","Cientista de Dados/Data Scientist","Sênior","Masculino","Acima de R$ 40.001/mês","3","2.05"
"2025","Cientista de Dados/Data Scientist","Sênior","Masculino","de R$ 30.001/mês a R$ 40.000/mês","2","1.37"
"2025","Cientista de Dados/Data Scientist","Sênior","Masculino","de R$ 4.001/mês a R$ 6.000/mês","1","0.68"
"2025","Data Product Manager/ Product Manager (PM/APM/DPM/GPM/PO)","Especialista/Staff+","Feminino","de R$ 12.001/mês a R$ 16.000/mês","2","20.0"
"2025","Data Product Manager/ Product Manager (PM/APM/DPM/GPM/PO)","Especialista/Staff+","Feminino","de R$ 8.001/mês a R$ 12.000/mês","1","10.0"
"2025","Data Product Manager/ Product Manager (PM/APM/DPM/GPM/PO)","Especialista/Staff+","Feminino","Acima de R$ 40.001/mês","1","10.0"
"2025","Data Product Manager/ Product Manager (PM/APM/DPM/GPM/PO)","Especialista/Staff+","Masculino","de R$ 20.001/mês a R$ 25.000/mês","3","30.0"
"2025","Data Product Manager/ Product Manager (PM/APM/DPM/GPM/PO)","Especialista/Staff+","Masculino","de R$ 16.001/mês a R$ 20.000/mês","2","20.0"
"2025","Data Product Manager/ Product Manager (PM/APM/DPM/GPM/PO)","Especialista/Staff+","Masculino","de R$ 30.001/mês a R$ 40.000/mês","1","10.0"
"2025","Data Product Manager/ Product Manager (PM/APM/DPM/GPM/PO)","Pleno","Feminino","de R$ 8.001/mês a R$ 12.000/mês","2","50.0"
"2025","Data Product Manager/ Product Manager (PM/APM/DPM/GPM/PO)","Pleno","Masculino","de R$ 12.001/mês a R$ 16.000/mês","1","25.0"
"2025","Data Product Manager/ Product Manager (PM/APM/DPM/GPM/PO)","Pleno","Masculino","de R$ 6.001/mês a R$ 8.000/mês","1","25.0"
"2025","Data Product Manager/ Product Manager (PM/APM/DPM/GPM/PO)","Sênior","Feminino","de R$ 8.001/mês a R$ 12.000/mês","5","26.32"
"2025","Data Product Manager/ Product Manager (PM/APM/DPM/GPM/PO)","Sênior","Feminino","de R$ 12.001/mês a R$ 16.000/mês","3","15.79"
"2025","Data Product Manager/ Product Manager (PM/APM/DPM/GPM/PO)","Sênior","Masculino","de R$ 8.001/mês a R$ 12.000/mês","4","21.05"
"2025","Data Product Manager/ Product Manager (PM/APM/DPM/GPM/PO)","Sênior","Masculino","de R$ 25.001/mês a R$ 30.000/mês","2","10.53"
"2025","Data Product Manager/ Product Manager (PM/APM/DPM/GPM/PO)","Sênior","Masculino","de R$ 20.001/mês a R$ 25.000/mês","2","10.53"
"2025","Data Product Manager/ Product Manager (PM/APM/DPM/GPM/PO)","Sênior","Masculino","Acima de R$ 40.001/mês","2","10.53"
"2025","Data Product Manager/ Product Manager (PM/APM/DPM/GPM/PO)","Sênior","Masculino","de R$ 12.001/mês a R$ 16.000/mês","1","5.26"
"2025","Desenvolvedor/ Engenheiro de Software/ Analista de Sistemas","Especialista/Staff+","Feminino","de R$ 25.001/mês a R$ 30.000/mês","1","7.14"
"2025","Desenvolvedor/ Engenheiro de Software/ Analista de Sistemas","Especialista/Staff+","Feminino","de R$ 16.001/mês a R$ 20.000/mês","1","7.14"
"2025","Desenvolvedor/ Engenheiro de Software/ Analista de Sistemas","Especialista/Staff+","Feminino","de R$ 12.001/mês a R$ 16.000/mês","1","7.14"
"2025","Desenvolvedor/ Engenheiro de Software/ Analista de Sistemas","Especialista/Staff+","Feminino","de R$ 20.001/mês a R$ 25.000/mês","1","7.14"
"2025","Desenvolvedor/ Engenheiro de Software/ Analista de Sistemas","Especialista/Staff+","Masculino","de R$ 12.001/mês a R$ 16.000/mês","3","21.43"
"2025","Desenvolvedor/ Engenheiro de Software/ Analista de Sistemas","Especialista/Staff+","Masculino","de R$ 16.001/mês a R$ 20.000/mês","2","14.29"
"2025","Desenvolvedor/ Engenheiro de Software/ Analista de Sistemas","Especialista/Staff+","Masculino","de R$ 20.001/mês a R$ 25.000/mês","1","7.14"
"2025","Desenvolvedor/ Engenheiro de Software/ Analista de Sistemas","Especialista/Staff+","Masculino","de R$ 25.001/mês a R$ 30.000/mês","1","7.14"
"2025","Desenvolvedor/ Engenheiro de Software/ Analista de Sistemas","Especialista/Staff+","Masculino","Acima de R$ 40.001/mês","1","7.14"
"2025","Desenvolvedor/ Engenheiro de Software/ Analista de Sistemas","Especialista/Staff+","Masculino","de R$ 8.001/mês a R$ 12.000/mês","1","7.14"
"2025","Desenvolvedor/ Engenheiro de Software/ Analista de Sistemas","Especialista/Staff+","Masculino","de R$ 30.001/mês a R$ 40.000/mês","1","7.14"
"2025","Desenvolvedor/ Engenheiro de Software/ Analista de Sistemas","Júnior","Feminino","de R$ 1.001/mês a R$ 2.000/mês","3","12.5"
"2025","Desenvolvedor/ Engenheiro de Software/ Analista de Sistemas","Júnior","Feminino","de R$ 3.001/mês a R$ 4.000/mês","3","12.5"
"2025","Desenvolvedor/ Engenheiro de Software/ Analista de Sistemas","Júnior","Feminino","de R$ 6.001/mês a R$ 8.000/mês","1","4.17"
"2025","Desenvolvedor/ Engenheiro de Software/ Analista de Sistemas","Júnior","Feminino","de R$ 4.001/mês a R$ 6.000/mês","1","4.17"
"2025","Desenvolvedor/ Engenheiro de Software/ Analista de Sistemas","Júnior","Masculino","de R$ 2.001/mês a R$ 3.000/mês","3","12.5"
"2025","Desenvolvedor/ Engenheiro de Software/ Analista de Sistemas","Júnior","Masculino","de R$ 4.001/mês a R$ 6.000/mês","2","8.33"
"2025","Desenvolvedor/ Engenheiro de Software/ Analista de Sistemas","Júnior","Masculino","de R$ 12.001/mês a R$ 16.000/mês","2","8.33"
"2025","Desenvolvedor/ Engenheiro de Software/ Analista de Sistemas","Júnior","Masculino","de R$ 6.001/mês a R$ 8.000/mês","2","8.33"
"2025","Desenvolvedor/ Engenheiro de Software/ Analista de Sistemas","Júnior","Masculino","de R$ 8.001/mês a R$ 12.000/mês","2","8.33"
"2025","Desenvolvedor/ Engenheiro de Software/ Analista de Sistemas","Júnior","Masculino","Menos de R$ 1.000/mês","2","8.33"
"2025","Desenvolvedor/ Engenheiro de Software/ Analista de Sistemas","Júnior","Masculino","de R$ 1.001/mês a R$ 2.000/mês","2","8.33"
"2025","Desenvolvedor/ Engenheiro de Software/ Analista de Sistemas","Júnior","Masculino","de R$ 3.001/mês a R$ 4.000/mês","1","4.17"
"2025","Desenvolvedor/ Engenheiro de Software/ Analista de Sistemas","Pleno","Feminino","de R$ 6.001/mês a R$ 8.000/mês","1","3.7"
"2025","Desenvolvedor/ Engenheiro de Software/ Analista de Sistemas","Pleno","Feminino","de R$ 4.001/mês a R$ 6.000/mês","1","3.7"
"2025","Desenvolvedor/ Engenheiro de Software/ Analista de Sistemas","Pleno","Feminino","de R$ 8.001/mês a R$ 12.000/mês","1","3.7"
"2025","Desenvolvedor/ Engenheiro de Software/ Analista de Sistemas","Pleno","Masculino","de R$ 8.001/mês a R$ 12.000/mês","8","29.63"
"2025","Desenvolvedor/ Engenheiro de Software/ Analista de Sistemas","Pleno","Masculino","de R$ 4.001/mês a R$ 6.000/mês","5","18.52"
"2025","Desenvolvedor/ Engenheiro de Software/ Analista de Sistemas","Pleno","Masculino","de R$ 6.001/mês a R$ 8.000/mês","5","18.52"
"2025","Desenvolvedor/ Engenheiro de Software/ Analista de Sistemas","Pleno","Masculino","de R$ 12.001/mês a R$ 16.000/mês","3","11.11"
"2025","Desenvolvedor/ Engenheiro de Software/ Analista de Sistemas","Pleno","Masculino","de R$ 2.001/mês a R$ 3.000/mês","2","7.41"
"2025","Desenvolvedor/ Engenheiro de Software/ Analista de Sistemas","Pleno","Masculino","de R$ 25.001/mês a R$ 30.000/mês","1","3.7"
"2025","Desenvolvedor/ Engenheiro de Software/ Analista de Sistemas","Sênior","Feminino","de R$ 12.001/mês a R$ 16.000/mês","3","7.32"
"2025","Desenvolvedor/ Engenheiro de Software/ Analista de Sistemas","Sênior","Feminino","Acima de R$ 40.001/mês","2","4.88"
"2025","Desenvolvedor/ Engenheiro de Software/ Analista de Sistemas","Sênior","Feminino","de R$ 16.001/mês a R$ 20.000/mês","1","2.44"
"2025","Desenvolvedor/ Engenheiro de Software/ Analista de Sistemas","Sênior","Feminino","de R$ 8.001/mês a R$ 12.000/mês","1","2.44"
"2025","Desenvolvedor/ Engenheiro de Software/ Analista de Sistemas","Sênior","Masculino","de R$ 12.001/mês a R$ 16.000/mês","12","29.27"
"2025","Desenvolvedor/ Engenheiro de Software/ Analista de Sistemas","Sênior","Masculino","de R$ 8.001/mês a R$ 12.000/mês","10","24.39"
"2025","Desenvolvedor/ Engenheiro de Software/ Analista de Sistemas","Sênior","Masculino","de R$ 20.001/mês a R$ 25.000/mês","4","9.76"
"2025","Desenvolvedor/ Engenheiro de Software/ Analista de Sistemas","Sênior","Masculino","de R$ 16.001/mês a R$ 20.000/mês","2","4.88"
"2025","Desenvolvedor/ Engenheiro de Software/ Analista de Sistemas","Sênior","Masculino","de R$ 25.001/mês a R$ 30.000/mês","2","4.88"
"2025","Desenvolvedor/ Engenheiro de Software/ Analista de Sistemas","Sênior","Masculino","Acima de R$ 40.001/mês","2","4.88"
"2025","Desenvolvedor/ Engenheiro de Software/ Analista de Sistemas","Sênior","Masculino","de R$ 6.001/mês a R$ 8.000/mês","1","2.44"
"2025","Desenvolvedor/ Engenheiro de Software/ Analista de Sistemas","Sênior","Masculino","de R$ 30.001/mês a R$ 40.000/mês","1","2.44"
"2025","Engenheiro de Dados/Data Engineer/Data Architect","Especialista/Staff+","Feminino","de R$ 12.001/mês a R$ 16.000/mês","4","6.56"
"2025","Engenheiro de Dados/Data Engineer/Data Architect","Especialista/Staff+","Feminino","de R$ 16.001/mês a R$ 20.000/mês","2","3.28"
"2025","Engenheiro de Dados/Data Engineer/Data Architect","Especialista/Staff+","Feminino","de R$ 20.001/mês a R$ 25.000/mês","1","1.64"
"2025","Engenheiro de Dados/Data Engineer/Data Architect","Especialista/Staff+","Masculino","de R$ 16.001/mês a R$ 20.000/mês","16","26.23"
"2025","Engenheiro de Dados/Data Engineer/Data Architect","Especialista/Staff+","Masculino","de R$ 12.001/mês a R$ 16.000/mês","14","22.95"
"2025","Engenheiro de Dados/Data Engineer/Data Architect","Especialista/Staff+","Masculino","de R$ 20.001/mês a R$ 25.000/mês","9","14.75"
"2025","Engenheiro de Dados/Data Engineer/Data Architect","Especialista/Staff+","Masculino","Acima de R$ 40.001/mês","8","13.11"
"2025","Engenheiro de Dados/Data Engineer/Data Architect","Especialista/Staff+","Masculino","de R$ 30.001/mês a R$ 40.000/mês","5","8.2"
"2025","Engenheiro de Dados/Data Engineer/Data Architect","Especialista/Staff+","Masculino","de R$ 8.001/mês a R$ 12.000/mês","2","3.28"
"2025","Engenheiro de Dados/Data Engineer/Data Architect","Júnior","Feminino","de R$ 2.001/mês a R$ 3.000/mês","6","12.24"
"2025","Engenheiro de Dados/Data Engineer/Data Architect","Júnior","Feminino","de R$ 3.001/mês a R$ 4.000/mês","4","8.16"
"2025","Engenheiro de Dados/Data Engineer/Data Architect","Júnior","Feminino","de R$ 4.001/mês a R$ 6.000/mês","4","8.16"
"2025","Engenheiro de Dados/Data Engineer/Data Architect","Júnior","Feminino","de R$ 1.001/mês a R$ 2.000/mês","3","6.12"
"2025","Engenheiro de Dados/Data Engineer/Data Architect","Júnior","Masculino","de R$ 4.001/mês a R$ 6.000/mês","14","28.57"
"2025","Engenheiro de Dados/Data Engineer/Data Architect","Júnior","Masculino","de R$ 6.001/mês a R$ 8.000/mês","8","16.33"
"2025","Engenheiro de Dados/Data Engineer/Data Architect","Júnior","Masculino","de R$ 3.001/mês a R$ 4.000/mês","5","10.2"
"2025","Engenheiro de Dados/Data Engineer/Data Architect","Júnior","Masculino","de R$ 8.001/mês a R$ 12.000/mês","2","4.08"
"2025","Engenheiro de Dados/Data Engineer/Data Architect","Júnior","Masculino","de R$ 1.001/mês a R$ 2.000/mês","1","2.04"
"2025","Engenheiro de Dados/Data Engineer/Data Architect","Júnior","Masculino","de R$ 2.001/mês a R$ 3.000/mês","1","2.04"
"2025","Engenheiro de Dados/Data Engineer/Data Architect","Júnior","Masculino","Menos de R$ 1.000/mês","1","2.04"
"2025","Engenheiro de Dados/Data Engineer/Data Architect","Pleno","Feminino","de R$ 8.001/mês a R$ 12.000/mês","9","8.26"
"2025","Engenheiro de Dados/Data Engineer/Data Architect","Pleno","Feminino","de R$ 6.001/mês a R$ 8.000/mês","6","5.5"
"2025","Engenheiro de Dados/Data Engineer/Data Architect","Pleno","Feminino","de R$ 4.001/mês a R$ 6.000/mês","5","4.59"
"2025","Engenheiro de Dados/Data Engineer/Data Architect","Pleno","Feminino","de R$ 30.001/mês a R$ 40.000/mês","2","1.83"
"2025","Engenheiro de Dados/Data Engineer/Data Architect","Pleno","Feminino","de R$ 1.001/mês a R$ 2.000/mês","1","0.92"
"2025","Engenheiro de Dados/Data Engineer/Data Architect","Pleno","Feminino","de R$ 3.001/mês a R$ 4.000/mês","1","0.92"
"2025","Engenheiro de Dados/Data Engineer/Data Architect","Pleno","Feminino","de R$ 12.001/mês a R$ 16.000/mês","1","0.92"
"2025","Engenheiro de Dados/Data Engineer/Data Architect","Pleno","Masculino","de R$ 8.001/mês a R$ 12.000/mês","41","37.61"
"2025","Engenheiro de Dados/Data Engineer/Data Architect","Pleno","Masculino","de R$ 6.001/mês a R$ 8.000/mês","21","19.27"
"2025","Engenheiro de Dados/Data Engineer/Data Architect","Pleno","Masculino","de R$ 4.001/mês a R$ 6.000/mês","8","7.34"
"2025","Engenheiro de Dados/Data Engineer/Data Architect","Pleno","Masculino","de R$ 12.001/mês a R$ 16.000/mês","8","7.34"
"2025","Engenheiro de Dados/Data Engineer/Data Architect","Pleno","Masculino","de R$ 16.001/mês a R$ 20.000/mês","2","1.83"
"2025","Engenheiro de Dados/Data Engineer/Data Architect","Pleno","Masculino","de R$ 3.001/mês a R$ 4.000/mês","1","0.92"
"2025","Engenheiro de Dados/Data Engineer/Data Architect","Pleno","Masculino","de R$ 2.001/mês a R$ 3.000/mês","1","0.92"
"2025","Engenheiro de Dados/Data Engineer/Data Architect","Pleno","Masculino","de R$ 20.001/mês a R$ 25.000/mês","1","0.92"
"2025","Engenheiro de Dados/Data Engineer/Data Architect","Pleno","Masculino","de R$ 30.001/mês a R$ 40.000/mês","1","0.92"
"2025","Engenheiro de Dados/Data Engineer/Data Architect","Sênior","Feminino","de R$ 8.001/mês a R$ 12.000/mês","10","5.49"
"2025","Engenheiro de Dados/Data Engineer/Data Architect","Sênior","Feminino","de R$ 12.001/mês a R$ 16.000/mês","7","3.85"
"2025","Engenheiro de Dados/Data Engineer/Data Architect","Sênior","Feminino","de R$ 16.001/mês a R$ 20.000/mês","3","1.65"
"2025","Engenheiro de Dados/Data Engineer/Data Architect","Sênior","Feminino","de R$ 6.001/mês a R$ 8.000/mês","2","1.1"
"2025","Engenheiro de Dados/Data Engineer/Data Architect","Sênior","Feminino","de R$ 25.001/mês a R$ 30.000/mês","1","0.55"
"2025","Engenheiro de Dados/Data Engineer/Data Architect","Sênior","Feminino","Acima de R$ 40.001/mês","1","0.55"
"2025","Engenheiro de Dados/Data Engineer/Data Architect","Sênior","Masculino","de R$ 12.001/mês a R$ 16.000/mês","46","25.27"
"2025","Engenheiro de Dados/Data Engineer/Data Architect","Sênior","Masculino","de R$ 8.001/mês a R$ 12.000/mês","40","21.98"
"2025","Engenheiro de Dados/Data Engineer/Data Architect","Sênior","Masculino","de R$ 16.001/mês a R$ 20.000/mês","36","19.78"
"2025","Engenheiro de Dados/Data Engineer/Data Architect","Sênior","Masculino","de R$ 30.001/mês a R$ 40.000/mês","9","4.95"
"2025","Engenheiro de Dados/Data Engineer/Data Architect","Sênior","Masculino","de R$ 25.001/mês a R$ 30.000/mês","8","4.4"
"2025","Engenheiro de Dados/Data Engineer/Data Architect","Sênior","Masculino","Acima de R$ 40.001/mês","8","4.4"
"2025","Engenheiro de Dados/Data Engineer/Data Architect","Sênior","Masculino","de R$ 20.001/mês a R$ 25.000/mês","6","3.3"
"2025","Engenheiro de Dados/Data Engineer/Data Architect","Sênior","Masculino","de R$ 6.001/mês a R$ 8.000/mês","3","1.65"
"2025","Engenheiro de Dados/Data Engineer/Data Architect","Sênior","Masculino","de R$ 4.001/mês a R$ 6.000/mês","2","1.1"
"2025","Engenheiro de Machine Learning/ML Engineer/AI Engineer","Especialista/Staff+","Feminino","de R$ 12.001/mês a R$ 16.000/mês","1","3.7"
"2025","Engenheiro de Machine Learning/ML Engineer/AI Engineer","Especialista/Staff+","Feminino","de R$ 30.001/mês a R$ 40.000/mês","1","3.7"
"2025","Engenheiro de Machine Learning/ML Engineer/AI Engineer","Especialista/Staff+","Masculino","de R$ 30.001/mês a R$ 40.000/mês","7","25.93"
"2025","Engenheiro de Machine Learning/ML Engineer/AI Engineer","Especialista/Staff+","Masculino","de R$ 16.001/mês a R$ 20.000/mês","7","25.93"
"2025","Engenheiro de Machine Learning/ML Engineer/AI Engineer","Especialista/Staff+","Masculino","Acima de R$ 40.001/mês","5","18.52"
"2025","Engenheiro de Machine Learning/ML Engineer/AI Engineer","Especialista/Staff+","Masculino","de R$ 20.001/mês a R$ 25.000/mês","4","14.81"
"2025","Engenheiro de Machine Learning/ML Engineer/AI Engineer","Especialista/Staff+","Masculino","de R$ 25.001/mês a R$ 30.000/mês","1","3.7"
"2025","Engenheiro de Machine Learning/ML Engineer/AI Engineer","Especialista/Staff+","Masculino","de R$ 12.001/mês a R$ 16.000/mês","1","3.7"
"2025","Engenheiro de Machine Learning/ML Engineer/AI Engineer","Júnior","Feminino","de R$ 2.001/mês a R$ 3.000/mês","2","9.52"
"2025","Engenheiro de Machine Learning/ML Engineer/AI Engineer","Júnior","Feminino","de R$ 3.001/mês a R$ 4.000/mês","2","9.52"
"2025","Engenheiro de Machine Learning/ML Engineer/AI Engineer","Júnior","Feminino","de R$ 6.001/mês a R$ 8.000/mês","1","4.76"
"2025","Engenheiro de Machine Learning/ML Engineer/AI Engineer","Júnior","Masculino","de R$ 4.001/mês a R$ 6.000/mês","5","23.81"
"2025","Engenheiro de Machine Learning/ML Engineer/AI Engineer","Júnior","Masculino","de R$ 8.001/mês a R$ 12.000/mês","3","14.29"
"2025","Engenheiro de Machine Learning/ML Engineer/AI Engineer","Júnior","Masculino","de R$ 3.001/mês a R$ 4.000/mês","2","9.52"
"2025","Engenheiro de Machine Learning/ML Engineer/AI Engineer","Júnior","Masculino","de R$ 2.001/mês a R$ 3.000/mês","2","9.52"
"2025","Engenheiro de Machine Learning/ML Engineer/AI Engineer","Júnior","Masculino","de R$ 20.001/mês a R$ 25.000/mês","1","4.76"
"2025","Engenheiro de Machine Learning/ML Engineer/AI Engineer","Júnior","Masculino","de R$ 6.001/mês a R$ 8.000/mês","1","4.76"
"2025","Engenheiro de Machine Learning/ML Engineer/AI Engineer","Júnior","Masculino","de R$ 1.001/mês a R$ 2.000/mês","1","4.76"
"2025","Engenheiro de Machine Learning/ML Engineer/AI Engineer","Júnior","Masculino","de R$ 12.001/mês a R$ 16.000/mês","1","4.76"
"2025","Engenheiro de Machine Learning/ML Engineer/AI Engineer","Pleno","Feminino","de R$ 8.001/mês a R$ 12.000/mês","1","6.25"
"2025","Engenheiro de Machine Learning/ML Engineer/AI Engineer","Pleno","Feminino","de R$ 6.001/mês a R$ 8.000/mês","1","6.25"
"2025","Engenheiro de Machine Learning/ML Engineer/AI Engineer","Pleno","Masculino","de R$ 6.001/mês a R$ 8.000/mês","6","37.5"
"2025","Engenheiro de Machine Learning/ML Engineer/AI Engineer","Pleno","Masculino","de R$ 12.001/mês a R$ 16.000/mês","3","18.75"
"2025","Engenheiro de Machine Learning/ML Engineer/AI Engineer","Pleno","Masculino","de R$ 8.001/mês a R$ 12.000/mês","2","12.5"
"2025","Engenheiro de Machine Learning/ML Engineer/AI Engineer","Pleno","Masculino","de R$ 20.001/mês a R$ 25.000/mês","1","6.25"
"2025","Engenheiro de Machine Learning/ML Engineer/AI Engineer","Pleno","Masculino","de R$ 4.001/mês a R$ 6.000/mês","1","6.25"
"2025","Engenheiro de Machine Learning/ML Engineer/AI Engineer","Pleno","Masculino","de R$ 16.001/mês a R$ 20.000/mês","1","6.25"
"2025","Engenheiro de Machine Learning/ML Engineer/AI Engineer","Sênior","Feminino","de R$ 12.001/mês a R$ 16.000/mês","3","7.32"
"2025","Engenheiro de Machine Learning/ML Engineer/AI Engineer","Sênior","Feminino","de R$ 20.001/mês a R$ 25.000/mês","2","4.88"
"2025","Engenheiro de Machine Learning/ML Engineer/AI Engineer","Sênior","Feminino","de R$ 8.001/mês a R$ 12.000/mês","2","4.88"
"2025","Engenheiro de Machine Learning/ML Engineer/AI Engineer","Sênior","Masculino","de R$ 16.001/mês a R$ 20.000/mês","8","19.51"
"2025","Engenheiro de Machine Learning/ML Engineer/AI Engineer","Sênior","Masculino","Acima de R$ 40.001/mês","6","14.63"
"2025","Engenheiro de Machine Learning/ML Engineer/AI Engineer","Sênior","Masculino","de R$ 8.001/mês a R$ 12.000/mês","6","14.63"
"2025","Engenheiro de Machine Learning/ML Engineer/AI Engineer","Sênior","Masculino","de R$ 12.001/mês a R$ 16.000/mês","5","12.2"
"2025","Engenheiro de Machine Learning/ML Engineer/AI Engineer","Sênior","Masculino","de R$ 30.001/mês a R$ 40.000/mês","4","9.76"
"2025","Engenheiro de Machine Learning/ML Engineer/AI Engineer","Sênior","Masculino","de R$ 20.001/mês a R$ 25.000/mês","3","7.32"
"2025","Engenheiro de Machine Learning/ML Engineer/AI Engineer","Sênior","Masculino","de R$ 25.001/mês a R$ 30.000/mês","2","4.88"
"2025","Estatístico","Especialista/Staff+","Feminino","de R$ 12.001/mês a R$ 16.000/mês","1","100.0"
"2025","Estatístico","Júnior","Masculino","de R$ 1.001/mês a R$ 2.000/mês","2","50.0"
"2025","Estatístico","Júnior","Masculino","de R$ 4.001/mês a R$ 6.000/mês","1","25.0"
"2025","Estatístico","Júnior","Masculino","de R$ 3.001/mês a R$ 4.000/mês","1","25.0"
"2025","Estatístico","Pleno","Feminino","de R$ 20.001/mês a R$ 25.000/mês","1","33.33"
"2025","Estatístico","Pleno","Masculino","de R$ 4.001/mês a R$ 6.000/mês","1","33.33"
"2025","Estatístico","Pleno","Masculino","de R$ 6.001/mês a R$ 8.000/mês","1","33.33"
"2025","Estatístico","Sênior","Feminino","de R$ 16.001/mês a R$ 20.000/mês","1","100.0"
"2025","Não informado","Não informado","Feminino","Não informado","66","6.67"
"2025","Não informado","Não informado","Feminino","de R$ 16.001/mês a R$ 20.000/mês","33","3.33"
"2025","Não informado","Não informado","Feminino","de R$ 12.001/mês a R$ 16.000/mês","28","2.83"
"2025","Não informado","Não informado","Feminino","de R$ 20.001/mês a R$ 25.000/mês","20","2.02"
"2025","Não informado","Não informado","Feminino","de R$ 8.001/mês a R$ 12.000/mês","13","1.31"
"2025","Não informado","Não informado","Feminino","de R$ 30.001/mês a R$ 40.000/mês","10","1.01"
"2025","Não informado","Não informado","Feminino","de R$ 25.001/mês a R$ 30.000/mês","9","0.91"
"2025","Não informado","Não informado","Feminino","de R$ 4.001/mês a R$ 6.000/mês","7","0.71"
"2025","Não informado","Não informado","Feminino","de R$ 6.001/mês a R$ 8.000/mês","5","0.51"
"2025","Não informado","Não informado","Feminino","Acima de R$ 40.001/mês","4","0.4"
"2025","Não informado","Não informado","Feminino","Menos de R$ 1.000/mês","2","0.2"
"2025","Não informado","Não informado","Feminino","de R$ 2.001/mês a R$ 3.000/mês","2","0.2"
"2025","Não informado","Não informado","Feminino","de R$ 3.001/mês a R$ 4.000/mês","1","0.1"
"2025","Não informado","Não informado","Masculino","Não informado","197","19.9"
"2025","Não informado","Não informado","Masculino","de R$ 20.001/mês a R$ 25.000/mês","95","9.6"
"2025","Não informado","Não informado","Masculino","de R$ 12.001/mês a R$ 16.000/mês","93","9.39"
"2025","Não informado","Não informado","Masculino","de R$ 16.001/mês a R$ 20.000/mês","86","8.69"
"2025","Não informado","Não informado","Masculino","de R$ 8.001/mês a R$ 12.000/mês","78","7.88"
"2025","Não informado","Não informado","Masculino","de R$ 25.001/mês a R$ 30.000/mês","67","6.77"
"2025","Não informado","Não informado","Masculino","Acima de R$ 40.001/mês","59","5.96"
"2025","Não informado","Não informado","Masculino","de R$ 30.001/mês a R$ 40.000/mês","46","4.65"
"2025","Não informado","Não informado","Masculino","de R$ 6.001/mês a R$ 8.000/mês","34","3.43"
"2025","Não informado","Não informado","Masculino","de R$ 4.001/mês a R$ 6.000/mês","17","1.72"
"2025","Não informado","Não informado","Masculino","de R$ 3.001/mês a R$ 4.000/mês","8","0.81"
"2025","Não informado","Não informado","Masculino","de R$ 2.001/mês a R$ 3.000/mês","4","0.4"
"2025","Não informado","Não informado","Masculino","de R$ 1.001/mês a R$ 2.000/mês","3","0.3"
"2025","Não informado","Não informado","Masculino","Menos de R$ 1.000/mês","2","0.2"
"2025","Não informado","Não informado","Masculino","de R$ 25.001/mês a R$ 3000/mês","1","0.1"
"2025","Outra Opção","Especialista/Staff+","Feminino","de R$ 20.001/mês a R$ 25.000/mês","3","13.64"
"2025","Outra Opção","Especialista/Staff+","Feminino","de R$ 8.001/mês a R$ 12.000/mês","2","9.09"
"2025","Outra Opção","Especialista/Staff+","Masculino","de R$ 12.001/mês a R$ 16.000/mês","5","22.73"
"2025","Outra Opção","Especialista/Staff+","Masculino","de R$ 30.001/mês a R$ 40.000/mês","4","18.18"
"2025","Outra Opção","Especialista/Staff+","Masculino","de R$ 20.001/mês a R$ 25.000/mês","3","13.64"
"2025","Outra Opção","Especialista/Staff+","Masculino","de R$ 8.001/mês a R$ 12.000/mês","2","9.09"
"2025","Outra Opção","Especialista/Staff+","Masculino","de R$ 16.001/mês a R$ 20.000/mês","2","9.09"
"2025","Outra Opção","Especialista/Staff+","Masculino","Acima de R$ 40.001/mês","1","4.55"
"2025","Outra Opção","Júnior","Feminino","de R$ 1.001/mês a R$ 2.000/mês","12","13.48"
"2025","Outra Opção","Júnior","Feminino","de R$ 2.001/mês a R$ 3.000/mês","5","5.62"
"2025","Outra Opção","Júnior","Feminino","de R$ 4.001/mês a R$ 6.000/mês","5","5.62"
"2025","Outra Opção","Júnior","Feminino","de R$ 3.001/mês a R$ 4.000/mês","3","3.37"
"2025","Outra Opção","Júnior","Feminino","de R$ 12.001/mês a R$ 16.000/mês","1","1.12"
"2025","Outra Opção","Júnior","Feminino","Menos de R$ 1.000/mês","1","1.12"
"2025","Outra Opção","Júnior","Feminino","de R$ 8.001/mês a R$ 12.000/mês","1","1.12"
"2025","Outra Opção","Júnior","Masculino","de R$ 1.001/mês a R$ 2.000/mês","23","25.84"
"2025","Outra Opção","Júnior","Masculino","de R$ 2.001/mês a R$ 3.000/mês","14","15.73"
"2025","Outra Opção","Júnior","Masculino","de R$ 3.001/mês a R$ 4.000/mês","9","10.11"
"2025","Outra Opção","Júnior","Masculino","de R$ 4.001/mês a R$ 6.000/mês","7","7.87"
"2025","Outra Opção","Júnior","Masculino","Menos de R$ 1.000/mês","6","6.74"
"2025","Outra Opção","Júnior","Masculino","de R$ 12.001/mês a R$ 16.000/mês","1","1.12"
"2025","Outra Opção","Júnior","Masculino","de R$ 6.001/mês a R$ 8.000/mês","1","1.12"
"2025","Outra Opção","Pleno","Feminino","de R$ 2.001/mês a R$ 3.000/mês","3","5.45"
"2025","Outra Opção","Pleno","Feminino","de R$ 4.001/mês a R$ 6.000/mês","2","3.64"
"2025","Outra Opção","Pleno","Feminino","de R$ 6.001/mês a R$ 8.000/mês","2","3.64"
"2025","Outra Opção","Pleno","Feminino","de R$ 3.001/mês a R$ 4.000/mês","2","3.64"
"2025","Outra Opção","Pleno","Feminino","de R$ 1.001/mês a R$ 2.000/mês","1","1.82"
"2025","Outra Opção","Pleno","Feminino","de R$ 8.001/mês a R$ 12.000/mês","1","1.82"
"2025","Outra Opção","Pleno","Masculino","de R$ 8.001/mês a R$ 12.000/mês","12","21.82"
"2025","Outra Opção","Pleno","Masculino","de R$ 4.001/mês a R$ 6.000/mês","9","16.36"
"2025","Outra Opção","Pleno","Masculino","de R$ 3.001/mês a R$ 4.000/mês","8","14.55"
"2025","Outra Opção","Pleno","Masculino","de R$ 2.001/mês a R$ 3.000/mês","7","12.73"
"2025","Outra Opção","Pleno","Masculino","de R$ 1.001/mês a R$ 2.000/mês","4","7.27"
"2025","Outra Opção","Pleno","Masculino","de R$ 6.001/mês a R$ 8.000/mês","2","3.64"
"2025","Outra Opção","Pleno","Masculino","de R$ 25.001/mês a R$ 30.000/mês","1","1.82"
"2025","Outra Opção","Pleno","Masculino","de R$ 12.001/mês a R$ 16.000/mês","1","1.82"
"2025","Outra Opção","Sênior","Feminino","de R$ 8.001/mês a R$ 12.000/mês","5","12.82"
"2025","Outra Opção","Sênior","Feminino","de R$ 4.001/mês a R$ 6.000/mês","4","10.26"
"2025","Outra Opção","Sênior","Feminino","de R$ 6.001/mês a R$ 8.000/mês","2","5.13"
"2025","Outra Opção","Sênior","Feminino","de R$ 3.001/mês a R$ 4.000/mês","2","5.13"
"2025","Outra Opção","Sênior","Feminino","de R$ 12.001/mês a R$ 16.000/mês","1","2.56"
"2025","Outra Opção","Sênior","Masculino","de R$ 8.001/mês a R$ 12.000/mês","6","15.38"
"2025","Outra Opção","Sênior","Masculino","de R$ 12.001/mês a R$ 16.000/mês","4","10.26"
"2025","Outra Opção","Sênior","Masculino","de R$ 6.001/mês a R$ 8.000/mês","3","7.69"
"2025","Outra Opção","Sênior","Masculino","de R$ 3.001/mês a R$ 4.000/mês","3","7.69"
"2025","Outra Opção","Sênior","Masculino","de R$ 2.001/mês a R$ 3.000/mês","2","5.13"
"2025","Outra Opção","Sênior","Masculino","de R$ 4.001/mês a R$ 6.000/mês","2","5.13"
"2025","Outra Opção","Sênior","Masculino","de R$ 1.001/mês a R$ 2.000/mês","2","5.13"
"2025","Outra Opção","Sênior","Masculino","de R$ 16.001/mês a R$ 20.000/mês","2","5.13"
"2025","Outra Opção","Sênior","Masculino","de R$ 20.001/mês a R$ 25.000/mês","1","2.56"
"2025","Outras Engenharias (não inclui dev)","Especialista/Staff+","Masculino","de R$ 8.001/mês a R$ 12.000/mês","3","42.86"
"2025","Outras Engenharias (não inclui dev)","Especialista/Staff+","Masculino","de R$ 16.001/mês a R$ 20.000/mês","2","28.57"
"2025","Outras Engenharias (não inclui dev)","Especialista/Staff+","Masculino","Acima de R$ 40.001/mês","1","14.29"
"2025","Outras Engenharias (não inclui dev)","Especialista/Staff+","Masculino","de R$ 25.001/mês a R$ 30.000/mês","1","14.29"
"2025","Outras Engenharias (não inclui dev)","Júnior","Masculino","de R$ 2.001/mês a R$ 3.000/mês","3","60.0"
"2025","Outras Engenharias (não inclui dev)","Júnior","Masculino","de R$ 4.001/mês a R$ 6.000/mês","1","20.0"
"2025","Outras Engenharias (não inclui dev)","Júnior","Masculino","de R$ 3.001/mês a R$ 4.000/mês","1","20.0"
"2025","Outras Engenharias (não inclui dev)","Pleno","Feminino","de R$ 6.001/mês a R$ 8.000/mês","1","12.5"
"2025","Outras Engenharias (não inclui dev)","Pleno","Masculino","de R$ 12.001/mês a R$ 16.000/mês","4","50.0"
"2025","Outras Engenharias (não inclui dev)","Pleno","Masculino","de R$ 4.001/mês a R$ 6.000/mês","2","25.0"
"2025","Outras Engenharias (não inclui dev)","Pleno","Masculino","de R$ 8.001/mês a R$ 12.000/mês","1","12.5"
"2025","Outras Engenharias (não inclui dev)","Sênior","Masculino","de R$ 12.001/mês a R$ 16.000/mês","2","33.33"
"2025","Outras Engenharias (não inclui dev)","Sênior","Masculino","de R$ 8.001/mês a R$ 12.000/mês","2","33.33"
"2025","Outras Engenharias (não inclui dev)","Sênior","Masculino","de R$ 6.001/mês a R$ 8.000/mês","1","16.67"
"2025","Outras Engenharias (não inclui dev)","Sênior","Masculino","de R$ 16.001/mês a R$ 20.000/mês","1","16.67"
"2025","Professor/Pesquisador","Especialista/Staff+","Masculino","de R$ 12.001/mês a R$ 16.000/mês","1","33.33"
"2025","Professor/Pesquisador","Especialista/Staff+","Masculino","de R$ 16.001/mês a R$ 20.000/mês","1","33.33"
"2025","Professor/Pesquisador","Especialista/Staff+","Masculino","de R$ 20.001/mês a R$ 25.000/mês","1","33.33"
"2025","Professor/Pesquisador","Júnior","Feminino","de R$ 8.001/mês a R$ 12.000/mês","1","33.33"
"2025","Professor/Pesquisador","Júnior","Masculino","de R$ 4.001/mês a R$ 6.000/mês","1","33.33"
"2025","Professor/Pesquisador","Júnior","Masculino","de R$ 6.001/mês a R$ 8.000/mês","1","33.33"
"2025","Professor/Pesquisador","Pleno","Feminino","de R$ 8.001/mês a R$ 12.000/mês","1","25.0"
"2025","Professor/Pesquisador","Pleno","Feminino","de R$ 1.001/mês a R$ 2.000/mês","1","25.0"
"2025","Professor/Pesquisador","Pleno","Masculino","de R$ 30.001/mês a R$ 40.000/mês","1","25.0"
"2025","Professor/Pesquisador","Pleno","Masculino","de R$ 12.001/mês a R$ 16.000/mês","1","25.0"
"2025","Professor/Pesquisador","Sênior","Feminino","de R$ 4.001/mês a R$ 6.000/mês","1","16.67"
"2025","Professor/Pesquisador","Sênior","Feminino","de R$ 12.001/mês a R$ 16.000/mês","1","16.67"
"2025","Professor/Pesquisador","Sênior","Feminino","de R$ 3.001/mês a R$ 4.000/mês","1","16.67"
"2025","Professor/Pesquisador","Sênior","Masculino","de R$ 20.001/mês a R$ 25.000/mês","1","16.67"
"2025","Professor/Pesquisador","Sênior","Masculino","de R$ 6.001/mês a R$ 8.000/mês","1","16.67"
"2025","Professor/Pesquisador","Sênior","Masculino","de R$ 4.001/mês a R$ 6.000/mês","1","16.67"
